CODICE;DESCRIZIONE;NRPEZZIIMBALLO;NOMENCLCOMBINATA1;PROVENIENZA;GRUPPO;NATURA;CATEGORIASTAT;FAMIGLIA;CONCENTRAZIONE;SPECIALITIES;ECOCERT;COSMOS;SOLUZIONI;SOLUZIONIA;SOLUZIONIB;SOLUZIONIC;GRUPPOCRM;GRUPPOVTE;CATEGORIASTATCRM;CATEGORIASTATVTE
11019;STEARIC ACID AC 68/50 V;25.000000;;ACQUISTO;RIVENDITA;MP MATERIE PRIME;NI NON IONICI;Acido grasso;;0;1;1;0;0;0;0;RIVENDITA;RIVENDITA;NI NON IONICI;NI NON IONICI
11040;ALCOOL C12 C14;25000.000000;38237000;ACQUISTO;MATERIE PRIME;MP MATERIE PRIME;NI NON IONICI;Alcoli;;0;0;0;0;0;0;0;RIVENDITA;RIVENDITA;NI NON IONICI;NI NON IONICI
11045;ALCOL C12 C14 2OE;25000.000000;34021300;ACQUISTO;RIVENDITA;MP MATERIE PRIME;NI NON IONICI;Alcoli;;0;0;0;0;0;0;0;RIVENDITA;RIVENDITA;NI NON IONICI;NI NON IONICI
11159;ALCOOL C12 C14 3 OE;.000000;38249092;ACQUISTO;MATERIE PRIME;MP MATERIE PRIME;NI NON IONICI;Alcoli;;0;0;0;0;0;0;0;RIVENDITA;RIVENDITA;NI NON IONICI;NI NON IONICI
11251;FENOSSIETANOLO;1100.000000;;ACQUISTO;RIVENDITA;RIVENDITA PURA;OCCASIONALI;Varie;;0;0;0;0;0;0;0;RIVENDITA;RIVENDITA;OCCASIONALI;OCCASIONALI
11277;ZUSOLAT 1007;25000.000000;34021300;ACQUISTO;MATERIE PRIME;MP MATERIE PRIME;NI NON IONICI;Alcoli;;0;0;0;0;0;0;0;RIVENDITA;RIVENDITA;NI NON IONICI;NI NON IONICI
11272;ALCOOL C12 C13 3 OE/SINT.;23000.000000;;ACQUISTO;RIVENDITA;MP MATERIE PRIME;NI NON IONICI;Alcoli;;0;0;0;0;0;0;0;RIVENDITA;RIVENDITA;NI NON IONICI;NI NON IONICI
11299;OPACIFIER 621;.000000;39039090;ACQUISTO;RIVENDITA;MP MATERIE PRIME;MI MISCELE;Opacizzante;;0;0;0;0;0;0;0;RIVENDITA;RIVENDITA;MI MISCELE;MI MISCELE
11255;GLICERINA F.U.;.000000;29054500;ACQUISTO;MATERIE PRIME;MP MATERIE PRIME;NI NON IONICI;Alcoli;;0;0;0;0;0;0;0;RIVENDITA;RIVENDITA;NI NON IONICI;NI NON IONICI
11082;AMPHOGLICINATE SOL. 50 - NON UTILIZZARE;.000000;34021900;ACQUISTO;RIVENDITA;MP MATERIE PRIME;AF ANFOTERI;Anfoacetati;;0;1;1;0;0;0;0;RIVENDITA;RIVENDITA;AF ANFOTERI;AF ANFOTERI
11075;ALCOOL C12 C16;25000.000000;38237000;ACQUISTO;MATERIE PRIME;MP MATERIE PRIME;NI NON IONICI;Alcoli;;0;1;0;0;0;0;0;RIVENDITA;RIVENDITA;NI NON IONICI;NI NON IONICI
11072;ACIDO LATTICO ULTRA PURE 90;1200.000000;;ACQUISTO;MATERIE PRIME;GALACTIC;DERIVATO ACIDO LATTICO;Derivato dell'acido Lattico;;1;1;1;0;0;1;0;DISTRIBUTORI;DISTRIBUTORI;DERIVATO ACIDO LATTICO;DERIVATO ACIDO LATTICO
11060;ALCOOL C11  7 OE;25000.000000;;ACQUISTO;RIVENDITA;MP MATERIE PRIME;NI NON IONICI;Alcoli;;0;0;0;0;0;0;0;RIVENDITA;RIVENDITA;NI NON IONICI;NI NON IONICI
11037;ALCOOL C12 C15 3 OE;.000000;;ACQUISTO;MATERIE PRIME;MP MATERIE PRIME;NI NON IONICI;Alcoli;;0;0;0;0;0;0;0;RIVENDITA;RIVENDITA;NI NON IONICI;NI NON IONICI
11281;PIROCTONE OLAMINA;50.000000;29420090;ACQUISTO;MATERIE PRIME;MP MATERIE PRIME;ATTIVI;Attivo;;0;0;0;0;0;0;0;RIVENDITA;RIVENDITA;AT ATTIVI;AT ATTIVI
11262;ZETEMULS GMS;25.000000;;ACQUISTO;MATERIE PRIME;MP MATERIE PRIME;ES ESTERI;Esteri Vari;;0;1;1;0;0;0;0;RIVENDITA;RIVENDITA;ES ESTERI;ES ESTERI
20021#000XXX;AMPHOTENSID B4/C;.000000;34021900;PRODUZIONE;PP PRODUZIONE PROPRIA;PP PRODUZIONE PROPRIA;AF ANFOTERI;Betaina;;0;0;0;0;0;0;0;PP PRODUZIONE PROPRIA;PP PRODUZIONE PROPRIA;AF ANFOTERI;AF ANFOTERI
11381;SARKOSINA NATRIUM;1200.000000;29224995;ACQUISTO;MATERIE PRIME;MP MATERIE PRIME;PROTEINA;Amminoacidi;;0;0;0;0;0;0;0;RIVENDITA;RIVENDITA;PROTEINA;PROTEINA
11205;ACIDO LAURICO;.000000;29159010;ACQUISTO;MATERIE PRIME;MP MATERIE PRIME;NI NON IONICI;Acido grasso;;0;0;0;0;0;0;0;RIVENDITA;RIVENDITA;NI NON IONICI;NI NON IONICI
11440;ACIDO STEARICO;25.000000;38231100;ACQUISTO;MATERIE PRIME;MP MATERIE PRIME;NI NON IONICI;Acido grasso;;0;1;1;0;0;0;0;RIVENDITA;RIVENDITA;NI NON IONICI;NI NON IONICI
20007#000XXX;ADULCINOL ALD;120.000000;34021190;PRODUZIONE;RIVENDITA;PP PRODUZIONE PROPRIA;OCCASIONALI;Varie;;0;0;0;0;0;0;0;PP PRODUZIONE PROPRIA;PP PRODUZIONE PROPRIA;OCCASIONALI;OCCASIONALI
20020#000XXX;AMPHOTENSID B4;.000000;34021190;PRODUZIONE;PP PRODUZIONE PROPRIA;PP PRODUZIONE PROPRIA;AF ANFOTERI;Betaina;;0;0;0;0;0;0;0;PP PRODUZIONE PROPRIA;PP PRODUZIONE PROPRIA;AF ANFOTERI;AF ANFOTERI
11310;PROTELAN PCA/I;25.000000;29337900;ACQUISTO;MATERIE PRIME;MP MATERIE PRIME;ATTIVI;Attivo;;1;1;0;0;0;1;0;RIVENDITA;RIVENDITA;AT ATTIVI;AT ATTIVI
11529;ZUSOLAT 1004;100.000000;34021300;ACQUISTO;MATERIE PRIME;MP MATERIE PRIME;NI NON IONICI;Alcoli;;0;0;0;0;0;0;0;RIVENDITA;RIVENDITA;NI NON IONICI;NI NON IONICI
11530;ZUSOLAT 1005;.000000;;ACQUISTO;MATERIE PRIME;MP MATERIE PRIME;NI NON IONICI;Alcoli;;0;0;0;0;0;0;0;RIVENDITA;RIVENDITA;NI NON IONICI;NI NON IONICI
20031#000XXX;ZETESOL LA/370;.000000;34021190;ACQUISTO;PP PRODUZIONE PROPRIA;PP PRODUZIONE PROPRIA;AN ANIONICI;Faes;0,7;0;0;0;0;0;0;0;PP PRODUZIONE PROPRIA;PP PRODUZIONE PROPRIA;AN ANIONICI;AN ANIONICI
20018#000XXX;AMPHOTENSID AMF;.000000;34021900;PRODUZIONE;PP PRODUZIONE PROPRIA;PP PRODUZIONE PROPRIA;AF ANFOTERI;Betaina;;0;0;0;0;0;0;0;PP PRODUZIONE PROPRIA;PP PRODUZIONE PROPRIA;AF ANFOTERI;AF ANFOTERI
20021#112XXX;AMPHOTENSID B4/C-B;.000000;34021900;PRODUZIONE;PP PRODUZIONE PROPRIA;PP PRODUZIONE PROPRIA;AF ANFOTERI;Betaina;;0;0;0;0;0;0;0;PP PRODUZIONE PROPRIA;PP PRODUZIONE PROPRIA;AF ANFOTERI;AF ANFOTERI
20021#214XXX;AMPHOTENSID B4/C;.000000;34021900;PRODUZIONE;PP PRODUZIONE PROPRIA;PP PRODUZIONE PROPRIA;AF ANFOTERI;Betaina;;0;0;0;0;0;0;0;PP PRODUZIONE PROPRIA;PP PRODUZIONE PROPRIA;AF ANFOTERI;AF ANFOTERI
20021#218XXX;AMPHOTENSID B4/C CP;.000000;34021900;PRODUZIONE;PP PRODUZIONE PROPRIA;PP PRODUZIONE PROPRIA;AF ANFOTERI;Betaina;;0;0;0;0;0;0;0;PP PRODUZIONE PROPRIA;PP PRODUZIONE PROPRIA;AF ANFOTERI;AF ANFOTERI
20021#220XXX;AMPHOTENSID B4/C CP-SB;.000000;34021900;PRODUZIONE;PP PRODUZIONE PROPRIA;PP PRODUZIONE PROPRIA;AF ANFOTERI;Betaina;;0;0;0;0;0;0;0;PP PRODUZIONE PROPRIA;PP PRODUZIONE PROPRIA;AF ANFOTERI;AF ANFOTERI
20025#000XXX;AMPHOTENSID 9 M;.000000;34021190;PRODUZIONE;PP PRODUZIONE PROPRIA;PP PRODUZIONE PROPRIA;MI MISCELE;Compound;;0;0;0;0;0;0;0;PP PRODUZIONE PROPRIA;PP PRODUZIONE PROPRIA;MI MISCELE;MI MISCELE
20051#217XXX;AMPHOTENSID B4/CONC-I MC;.000000;34021900;ACQUISTO;PP PRODUZIONE PROPRIA;PP PRODUZIONE PROPRIA;AF ANFOTERI;Betaina;;0;1;1;0;0;0;0;PP PRODUZIONE PROPRIA;PP PRODUZIONE PROPRIA;AF ANFOTERI;AF ANFOTERI
20025#231XXX;AMPHOTENSID 9 M;.000000;34021190;PRODUZIONE;PP PRODUZIONE PROPRIA;PP PRODUZIONE PROPRIA;MI MISCELE;Compound;;0;0;0;0;0;0;0;PP PRODUZIONE PROPRIA;PP PRODUZIONE PROPRIA;MI MISCELE;MI MISCELE
20053#000XXX;PROTELAN AGE;.000000;34021190;ACQUISTO;PP PRODUZIONE PROPRIA;PP PRODUZIONE PROPRIA;AN ANIONICI;Glutammati;;1;1;0;0;1;0;0;PP PRODUZIONE PROPRIA;PP PRODUZIONE PROPRIA;AN ANIONICI;AN ANIONICI
20053#243XXX;PROTELAN AGE;.000000;;ACQUISTO;PP PRODUZIONE PROPRIA;PP PRODUZIONE PROPRIA;AN ANIONICI;Glutammati;;1;1;0;0;1;0;0;PP PRODUZIONE PROPRIA;PP PRODUZIONE PROPRIA;AN ANIONICI;AN ANIONICI
20053#050XXX;PROTELAN AGE - C;.000000;34021190;ACQUISTO;PP PRODUZIONE PROPRIA;PP PRODUZIONE PROPRIA;AN ANIONICI;Glutammati;;1;1;1;0;0;1;0;PP PRODUZIONE PROPRIA;PP PRODUZIONE PROPRIA;AN ANIONICI;AN ANIONICI
20046#243XXX;AMPHOTENSID GB 2009/D - E;.000000;;PRODUZIONE;PP PRODUZIONE PROPRIA;PP PRODUZIONE PROPRIA;AF ANFOTERI;Anfoacetati;;0;1;1;0;0;0;0;PP PRODUZIONE PROPRIA;PP PRODUZIONE PROPRIA;AF ANFOTERI;AF ANFOTERI
20030#000XXX;OMNIPON NF/I;.000000;34021190;PRODUZIONE;PP PRODUZIONE PROPRIA;PP PRODUZIONE PROPRIA;MI MISCELE;Compound;;0;0;0;0;0;0;0;PP PRODUZIONE PROPRIA;PP PRODUZIONE PROPRIA;MI MISCELE;MI MISCELE
20033#000XXX;AMPHOTENSID B4/CONC;.000000;34021190;PRODUZIONE;PP PRODUZIONE PROPRIA;PP PRODUZIONE PROPRIA;AF ANFOTERI;Betaina;;0;0;0;0;0;0;0;PP PRODUZIONE PROPRIA;PP PRODUZIONE PROPRIA;AF ANFOTERI;AF ANFOTERI
20037#000XXX;CEFASOFT NIL;.000000;34021190;PRODUZIONE;PP PRODUZIONE PROPRIA;PP PRODUZIONE PROPRIA;NI NON IONICI;Ammidi DI COCCO;;0;0;0;0;0;0;0;PP PRODUZIONE PROPRIA;PP PRODUZIONE PROPRIA;NI NON IONICI;NI NON IONICI
20060#000XXX;AMPHOTENSID DMOX;.000000;34021300;ACQUISTO;PP PRODUZIONE PROPRIA;PP PRODUZIONE PROPRIA;AF ANFOTERI;Ossido di ammina;;1;0;0;0;0;0;1;PP PRODUZIONE PROPRIA;PP PRODUZIONE PROPRIA;AF ANFOTERI;AF ANFOTERI
20021#243XXX;AMPHOTENSID B4/C - E;.000000;34021900;PRODUZIONE;PP PRODUZIONE PROPRIA;PP PRODUZIONE PROPRIA;AF ANFOTERI;Betaina;;0;1;1;0;0;0;0;PP PRODUZIONE PROPRIA;PP PRODUZIONE PROPRIA;AF ANFOTERI;AF ANFOTERI
20063#000XXX;AMPHOTENSID COX/MC;.000000;34021190;ACQUISTO;PP PRODUZIONE PROPRIA;PP PRODUZIONE PROPRIA;AF ANFOTERI;Ossido di ammide;;0;0;0;0;0;0;0;PP PRODUZIONE PROPRIA;PP PRODUZIONE PROPRIA;AF ANFOTERI;AF ANFOTERI
20066#000XXX;AMPHOTENSID HPOX;.000000;34021190;ACQUISTO;PP PRODUZIONE PROPRIA;PP PRODUZIONE PROPRIA;AF ANFOTERI;Ossido di ammina;;1;0;0;0;0;1;0;PP PRODUZIONE PROPRIA;PP PRODUZIONE PROPRIA;AF ANFOTERI;AF ANFOTERI
20069#000XXX;AMPHOTENSID AB;.000000;34021900;PRODUZIONE;PP PRODUZIONE PROPRIA;PP PRODUZIONE PROPRIA;AF ANFOTERI;Betaina;;0;1;1;0;0;0;0;PP PRODUZIONE PROPRIA;PP PRODUZIONE PROPRIA;AF ANFOTERI;AF ANFOTERI
20181#000XXX;PEARLAGENT 2000/G;.000000;34021190;ACQUISTO;PP PRODUZIONE PROPRIA;PP PRODUZIONE PROPRIA;MI MISCELE;Perlanti;;1;0;0;0;0;1;0;PP PRODUZIONE PROPRIA;PP PRODUZIONE PROPRIA;MI MISCELE;MI MISCELE
20051#000XXX;AMPHOTENSID B4/CONC-I;.000000;34021900;ACQUISTO;PP PRODUZIONE PROPRIA;PP PRODUZIONE PROPRIA;AF ANFOTERI;Betaina;;0;1;1;0;0;0;0;PP PRODUZIONE PROPRIA;PP PRODUZIONE PROPRIA;AF ANFOTERI;AF ANFOTERI
20182#000XXX;PEARLAGENT 2000/I;.000000;34021190;ACQUISTO;PP PRODUZIONE PROPRIA;PP PRODUZIONE PROPRIA;MI MISCELE;Perlanti;;1;0;0;0;0;1;0;PP PRODUZIONE PROPRIA;PP PRODUZIONE PROPRIA;MI MISCELE;MI MISCELE
20194#272XXX;FLEROGUM K/38;.000000;34021190;PRODUZIONE;PP PRODUZIONE PROPRIA;PP PRODUZIONE PROPRIA;AN ANIONICI;Saponi;;0;0;0;0;0;0;0;PP PRODUZIONE PROPRIA;PP PRODUZIONE PROPRIA;AN ANIONICI;AN ANIONICI
20183#000XXX;EXTRACT 56/2;.000000;34021190;PRODUZIONE;PP PRODUZIONE PROPRIA;PP PRODUZIONE PROPRIA;MI MISCELE;Compound;;0;0;0;0;0;0;0;PP PRODUZIONE PROPRIA;PP PRODUZIONE PROPRIA;MI MISCELE;MI MISCELE
20194#243XXX;FLEROGUM K/38 - E;.000000;34021190;PRODUZIONE;PP PRODUZIONE PROPRIA;PP PRODUZIONE PROPRIA;AN ANIONICI;Saponi;;0;1;1;0;0;0;0;PP PRODUZIONE PROPRIA;PP PRODUZIONE PROPRIA;AN ANIONICI;AN ANIONICI
20196#000XXX;FLEROGUM O/24;.000000;34021190;PRODUZIONE;PP PRODUZIONE PROPRIA;PP PRODUZIONE PROPRIA;AN ANIONICI;Saponi;;0;0;0;0;0;0;0;PP PRODUZIONE PROPRIA;PP PRODUZIONE PROPRIA;AN ANIONICI;AN ANIONICI
20195#243XXX;FLEROGUM LX - E;.000000;34021190;PRODUZIONE;PP PRODUZIONE PROPRIA;PP PRODUZIONE PROPRIA;AN ANIONICI;Saponi;;0;1;1;0;0;0;0;PP PRODUZIONE PROPRIA;PP PRODUZIONE PROPRIA;AN ANIONICI;AN ANIONICI
20198#000XXX;FLEROGUM OK/46;.000000;34021190;PRODUZIONE;PP PRODUZIONE PROPRIA;PP PRODUZIONE PROPRIA;AN ANIONICI;Saponi;;0;0;0;0;0;0;0;PP PRODUZIONE PROPRIA;PP PRODUZIONE PROPRIA;AN ANIONICI;AN ANIONICI
20207#095XXX;PROTELAN LS 9011/SL;.000000;34021190;PRODUZIONE;PP PRODUZIONE PROPRIA;PP PRODUZIONE PROPRIA;AN ANIONICI;Sarcosinati;;1;0;0;0;1;0;0;PP PRODUZIONE PROPRIA;PP PRODUZIONE PROPRIA;AN ANIONICI;AN ANIONICI
20195#000XXX;FLEROGUM LX;.000000;34021190;PRODUZIONE;PP PRODUZIONE PROPRIA;PP PRODUZIONE PROPRIA;AN ANIONICI;Saponi;;0;0;0;0;0;0;0;PP PRODUZIONE PROPRIA;PP PRODUZIONE PROPRIA;AN ANIONICI;AN ANIONICI
20207#240XXX;PROTELAN LS/9011 P;.000000;34021190;PRODUZIONE;PP PRODUZIONE PROPRIA;PP PRODUZIONE PROPRIA;AN ANIONICI;Sarcosinati;;1;0;0;0;0;0;1;PP PRODUZIONE PROPRIA;PP PRODUZIONE PROPRIA;AN ANIONICI;AN ANIONICI
20193#000XXX;LUMOROL CIS/AL-PF;.000000;34021190;ACQUISTO;PP PRODUZIONE PROPRIA;PP PRODUZIONE PROPRIA;MI MISCELE;Compound;;0;0;0;0;0;0;0;PP PRODUZIONE PROPRIA;PP PRODUZIONE PROPRIA;MI MISCELE;MI MISCELE
20043#000XXX;AMPHOTENSID COX/C;.000000;34021190;ACQUISTO;PP PRODUZIONE PROPRIA;PP PRODUZIONE PROPRIA;AF ANFOTERI;Ossido di ammide;;0;0;0;0;0;0;0;PP PRODUZIONE PROPRIA;PP PRODUZIONE PROPRIA;AF ANFOTERI;AF ANFOTERI
20210#000XXX;LES/D6;.000000;34021190;ACQUISTO;PP PRODUZIONE PROPRIA;PP PRODUZIONE PROPRIA;MI MISCELE;Compound;;0;0;0;0;0;0;0;PP PRODUZIONE PROPRIA;PP PRODUZIONE PROPRIA;MI MISCELE;MI MISCELE
20046#000XXX;AMPHOTENSID GB 2009/D;.000000;34021190;PRODUZIONE;PP PRODUZIONE PROPRIA;PP PRODUZIONE PROPRIA;AF ANFOTERI;Anfoacetati;;0;1;1;0;0;0;0;PP PRODUZIONE PROPRIA;PP PRODUZIONE PROPRIA;AF ANFOTERI;AF ANFOTERI
20065#000XXX;AMPHOTENSID DMOX/24;.000000;29239000;PRODUZIONE;PP PRODUZIONE PROPRIA;PP PRODUZIONE PROPRIA;AF ANFOTERI;Ossido di ammina;;1;0;0;0;0;0;1;PP PRODUZIONE PROPRIA;PP PRODUZIONE PROPRIA;AF ANFOTERI;AF ANFOTERI
20196#243XXX;FLEROGUM O 24 - E;.000000;34021190;PRODUZIONE;PP PRODUZIONE PROPRIA;PP PRODUZIONE PROPRIA;AN ANIONICI;Saponi;;0;1;1;0;0;0;0;PP PRODUZIONE PROPRIA;PP PRODUZIONE PROPRIA;AN ANIONICI;AN ANIONICI
20207#241XXX;PROTELAN LS/9011;.000000;34021190;PRODUZIONE;PP PRODUZIONE PROPRIA;PP PRODUZIONE PROPRIA;AN ANIONICI;Sarcosinati;;1;0;0;0;1;0;0;PP PRODUZIONE PROPRIA;PP PRODUZIONE PROPRIA;AN ANIONICI;AN ANIONICI
20067#000XXX;ZETEMOL ISL;.000000;34021190;ACQUISTO;PP PRODUZIONE PROPRIA;PP PRODUZIONE PROPRIA;ES ESTERI;Estere di grado cosmetico;;1;1;1;0;1;0;0;PP PRODUZIONE PROPRIA;PP PRODUZIONE PROPRIA;ES ESTERI;ES ESTERI
20071#000XXX;AMPHOTENSID B40;.000000;34021190;ACQUISTO;PP PRODUZIONE PROPRIA;PP PRODUZIONE PROPRIA;AF ANFOTERI;Betaina;;0;0;0;0;0;0;0;PP PRODUZIONE PROPRIA;PP PRODUZIONE PROPRIA;AF ANFOTERI;AF ANFOTERI
20068#000XXX;AMPHOTENSID AMF/H;.000000;34021900;PRODUZIONE;PP PRODUZIONE PROPRIA;PP PRODUZIONE PROPRIA;AF ANFOTERI;Betaina;;0;0;0;0;0;0;0;PP PRODUZIONE PROPRIA;PP PRODUZIONE PROPRIA;AF ANFOTERI;AF ANFOTERI
20208#000XXX;PROTELAN LS 9011/C;.000000;34021190;PRODUZIONE;PP PRODUZIONE PROPRIA;PP PRODUZIONE PROPRIA;AN ANIONICI;Sarcosinati;;1;0;0;0;1;0;0;PP PRODUZIONE PROPRIA;PP PRODUZIONE PROPRIA;AN ANIONICI;AN ANIONICI
20208#095XXX;PROTELAN LS 9011/C SL;.000000;34021190;PRODUZIONE;PP PRODUZIONE PROPRIA;PP PRODUZIONE PROPRIA;AN ANIONICI;Sarcosinati;;1;0;0;0;1;0;0;PP PRODUZIONE PROPRIA;PP PRODUZIONE PROPRIA;AN ANIONICI;AN ANIONICI
20211#000XXX;LUMOROL 54/SPEZIAL;.000000;34021190;PRODUZIONE;PP PRODUZIONE PROPRIA;PP PRODUZIONE PROPRIA;MI MISCELE;Compound;;0;0;0;0;0;0;0;PP PRODUZIONE PROPRIA;PP PRODUZIONE PROPRIA;MI MISCELE;MI MISCELE
20211#005XXX;LUMOROL 54/SPEZIAL-M;.000000;34021190;PRODUZIONE;PP PRODUZIONE PROPRIA;PP PRODUZIONE PROPRIA;MI MISCELE;Compound;;0;0;0;0;0;0;0;PP PRODUZIONE PROPRIA;PP PRODUZIONE PROPRIA;MI MISCELE;MI MISCELE
20213#000XXX;LUMOROL 54/SPN;.000000;34021190;ACQUISTO;PP PRODUZIONE PROPRIA;PP PRODUZIONE PROPRIA;MI MISCELE;Compound;;0;0;0;0;0;0;0;PP PRODUZIONE PROPRIA;PP PRODUZIONE PROPRIA;MI MISCELE;MI MISCELE
20214#000XXX;LUMOROL 52/P;.000000;34021190;ACQUISTO;PP PRODUZIONE PROPRIA;PP PRODUZIONE PROPRIA;MI MISCELE;Compound;;0;0;0;0;0;0;0;PP PRODUZIONE PROPRIA;PP PRODUZIONE PROPRIA;MI MISCELE;MI MISCELE
20216#000XXX;LUMOROL/R;.000000;34021190;ACQUISTO;PP PRODUZIONE PROPRIA;PP PRODUZIONE PROPRIA;MI MISCELE;Compound;;0;0;0;0;0;0;0;PP PRODUZIONE PROPRIA;PP PRODUZIONE PROPRIA;MI MISCELE;MI MISCELE
20226#000XXX;LUMOROL BBP;.000000;;PRODUZIONE;PP PRODUZIONE PROPRIA;PP PRODUZIONE PROPRIA;MI MISCELE;Compound;;0;0;0;0;0;0;0;PP PRODUZIONE PROPRIA;PP PRODUZIONE PROPRIA;MI MISCELE;MI MISCELE
20235#000XXX;PROTELAN 1430;.000000;34021190;ACQUISTO;PP PRODUZIONE PROPRIA;PP PRODUZIONE PROPRIA;AN ANIONICI;Sarcosinati;;1;0;0;0;1;0;0;PP PRODUZIONE PROPRIA;PP PRODUZIONE PROPRIA;AN ANIONICI;AN ANIONICI
20229#000XXX;LUMOROL CMS;.000000;34021190;ACQUISTO;PP PRODUZIONE PROPRIA;PP PRODUZIONE PROPRIA;MI MISCELE;Compound;;1;0;0;0;0;0;1;PP PRODUZIONE PROPRIA;PP PRODUZIONE PROPRIA;MI MISCELE;MI MISCELE
20230#000XXX;LUMOROL BMS;.000000;34021190;ACQUISTO;PP PRODUZIONE PROPRIA;PP PRODUZIONE PROPRIA;MI MISCELE;Compound;;1;0;0;0;0;1;0;PP PRODUZIONE PROPRIA;PP PRODUZIONE PROPRIA;MI MISCELE;MI MISCELE
20231#000XXX;LUMOROL ML;.000000;;ACQUISTO;PP PRODUZIONE PROPRIA;PP PRODUZIONE PROPRIA;MI MISCELE;Compound;;0;0;0;0;0;0;0;PP PRODUZIONE PROPRIA;PP PRODUZIONE PROPRIA;MI MISCELE;MI MISCELE
20232#000XXX;LUMOROL CIS/AL;.000000;34021190;ACQUISTO;PP PRODUZIONE PROPRIA;PP PRODUZIONE PROPRIA;MI MISCELE;Compound;;0;0;0;0;0;0;0;PP PRODUZIONE PROPRIA;PP PRODUZIONE PROPRIA;MI MISCELE;MI MISCELE
20233#000XXX;LUMOROL HA;.000000;34021190;ACQUISTO;PP PRODUZIONE PROPRIA;PP PRODUZIONE PROPRIA;MI MISCELE;Compound;;0;0;0;0;0;0;0;PP PRODUZIONE PROPRIA;PP PRODUZIONE PROPRIA;MI MISCELE;MI MISCELE
20247#000XXX;PROTELAN AGL/95;.000000;34021190;PRODUZIONE;PP PRODUZIONE PROPRIA;PP PRODUZIONE PROPRIA;AN ANIONICI;Glutammati;;1;0;0;0;1;0;0;PP PRODUZIONE PROPRIA;PP PRODUZIONE PROPRIA;AN ANIONICI;AN ANIONICI
20234#000XXX;PIOL 15;.000000;34021190;PRODUZIONE;PP PRODUZIONE PROPRIA;PP PRODUZIONE PROPRIA;MI MISCELE;Compound;;1;0;0;0;0;0;1;PP PRODUZIONE PROPRIA;PP PRODUZIONE PROPRIA;MI MISCELE;MI MISCELE
20218#000XXX;MISCELA GUIEU;.000000;34021190;PRODUZIONE;PP PRODUZIONE PROPRIA;PP PRODUZIONE PROPRIA;MI MISCELE;Compound;;0;0;0;0;0;0;0;PP PRODUZIONE PROPRIA;PP PRODUZIONE PROPRIA;MI MISCELE;MI MISCELE
20249#100XXX;PROTELAN AGL 95/C KS;.000000;34021190;ACQUISTO;PP PRODUZIONE PROPRIA;PP PRODUZIONE PROPRIA;AN ANIONICI;Glutammati;;1;0;0;0;1;0;0;PP PRODUZIONE PROPRIA;PP PRODUZIONE PROPRIA;AN ANIONICI;AN ANIONICI
20219#000XXX;LUMOROL LA/P;.000000;34021190;ACQUISTO;PP PRODUZIONE PROPRIA;PP PRODUZIONE PROPRIA;MI MISCELE;Compound;;0;0;0;0;0;0;0;PP PRODUZIONE PROPRIA;PP PRODUZIONE PROPRIA;MI MISCELE;MI MISCELE
20222#000XXX;PROTELAN MST-35;.000000;34021190;PRODUZIONE;PP PRODUZIONE PROPRIA;PP PRODUZIONE PROPRIA;MI MISCELE;Compound;;1;0;0;0;1;0;0;PP PRODUZIONE PROPRIA;PP PRODUZIONE PROPRIA;MI MISCELE;MI MISCELE
20236#000XXX;PROTELAN MGL;.000000;34021190;PRODUZIONE;PP PRODUZIONE PROPRIA;PP PRODUZIONE PROPRIA;AN ANIONICI;Glutammati;;1;0;0;0;1;0;0;PP PRODUZIONE PROPRIA;PP PRODUZIONE PROPRIA;AN ANIONICI;AN ANIONICI
20236#243XXX;PROTELAN MGL - E;.000000;34021190;ACQUISTO;PP PRODUZIONE PROPRIA;PP PRODUZIONE PROPRIA;AN ANIONICI;Glutammati;;1;1;0;0;1;0;0;PP PRODUZIONE PROPRIA;PP PRODUZIONE PROPRIA;AN ANIONICI;AN ANIONICI
20258#000XXX;PROTELAN ENS;.000000;34021190;PRODUZIONE;PP PRODUZIONE PROPRIA;PP PRODUZIONE PROPRIA;MI MISCELE;Base emulsionanti;;1;1;1;0;0;1;0;PP PRODUZIONE PROPRIA;PP PRODUZIONE PROPRIA;MI MISCELE;MI MISCELE
20240#000XXX;PROTELAN AG 8;.000000;34021190;ACQUISTO;PP PRODUZIONE PROPRIA;PP PRODUZIONE PROPRIA;AN ANIONICI;Glutammati;;1;1;0;0;1;0;0;PP PRODUZIONE PROPRIA;PP PRODUZIONE PROPRIA;AN ANIONICI;AN ANIONICI
20260#000XXX;PROTELAN VE/K;.000000;34021190;PRODUZIONE;PP PRODUZIONE PROPRIA;PP PRODUZIONE PROPRIA;AN ANIONICI;Proteine idrolizzate funzionalizzate;;1;0;0;0;0;1;0;PP PRODUZIONE PROPRIA;PP PRODUZIONE PROPRIA;AN ANIONICI;AN ANIONICI
20253#000XXX;AUTOBRILL-L100;.000000;;ACQUISTO;PP PRODUZIONE PROPRIA;PP PRODUZIONE PROPRIA;MI MISCELE;Compound;;0;0;0;0;0;0;0;PP PRODUZIONE PROPRIA;PP PRODUZIONE PROPRIA;MI MISCELE;MI MISCELE
20254#000XXX;LUMOROL K 2010;.000000;34021190;ACQUISTO;PP PRODUZIONE PROPRIA;PP PRODUZIONE PROPRIA;MI MISCELE;Compound;;1;1;0;0;0;0;1;PP PRODUZIONE PROPRIA;PP PRODUZIONE PROPRIA;MI MISCELE;MI MISCELE
20255#000XXX;LUMOROL CIS/D70;.000000;34021190;ACQUISTO;PP PRODUZIONE PROPRIA;PP PRODUZIONE PROPRIA;MI MISCELE;Compound;;0;0;0;0;0;0;0;PP PRODUZIONE PROPRIA;PP PRODUZIONE PROPRIA;MI MISCELE;MI MISCELE
20237#000XXX;PROTELAN AG 11;.000000;34021190;ACQUISTO;PP PRODUZIONE PROPRIA;PP PRODUZIONE PROPRIA;AN ANIONICI;Proteine idrolizzate funzionalizzate;;1;1;0;0;1;0;0;PP PRODUZIONE PROPRIA;PP PRODUZIONE PROPRIA;AN ANIONICI;AN ANIONICI
20237#243XXX;PROTELAN AG 11 - E;.000000;34021190;ACQUISTO;PP PRODUZIONE PROPRIA;PP PRODUZIONE PROPRIA;AN ANIONICI;Proteine idrolizzate funzionalizzate;;1;1;0;0;1;0;0;PP PRODUZIONE PROPRIA;PP PRODUZIONE PROPRIA;AN ANIONICI;AN ANIONICI
20266#000XXX;PURTON CM/20;.000000;34021190;PRODUZIONE;PP PRODUZIONE PROPRIA;PP PRODUZIONE PROPRIA;MI MISCELE;Compound;;0;0;0;0;0;0;0;PP PRODUZIONE PROPRIA;PP PRODUZIONE PROPRIA;MI MISCELE;MI MISCELE
20256#000XXX;LUMOROL K ECO;.000000;34021190;ACQUISTO;PP PRODUZIONE PROPRIA;PP PRODUZIONE PROPRIA;MI MISCELE;Compound;;1;1;0;0;0;0;1;PP PRODUZIONE PROPRIA;PP PRODUZIONE PROPRIA;MI MISCELE;MI MISCELE
20247#100XXX;PROTELAN AGL/95 K;.000000;34021190;PRODUZIONE;PP PRODUZIONE PROPRIA;PP PRODUZIONE PROPRIA;AN ANIONICI;Glutammati;;1;0;0;0;1;0;0;PP PRODUZIONE PROPRIA;PP PRODUZIONE PROPRIA;AN ANIONICI;AN ANIONICI
20249#000XXX;PROTELAN AGL 95/C;.000000;34021190;PRODUZIONE;PP PRODUZIONE PROPRIA;PP PRODUZIONE PROPRIA;AN ANIONICI;Glutammati;;1;0;0;0;1;0;0;PP PRODUZIONE PROPRIA;PP PRODUZIONE PROPRIA;AN ANIONICI;AN ANIONICI
20259#000XXX;PROTELAN AG 8 - E;.000000;34021190;ACQUISTO;PP PRODUZIONE PROPRIA;PP PRODUZIONE PROPRIA;AN ANIONICI;Glutammati;;1;1;1;0;0;1;0;PP PRODUZIONE PROPRIA;PP PRODUZIONE PROPRIA;AN ANIONICI;AN ANIONICI
20260#242XXX;PROTELAN VE/K NP;.000000;34021190;PRODUZIONE;PP PRODUZIONE PROPRIA;PP PRODUZIONE PROPRIA;AN ANIONICI;Proteine idrolizzate funzionalizzate;;1;0;0;0;0;1;0;PP PRODUZIONE PROPRIA;PP PRODUZIONE PROPRIA;AN ANIONICI;AN ANIONICI
20269#000XXX;PURTON CFM/F;.000000;34021300;ACQUISTO;PP PRODUZIONE PROPRIA;PP PRODUZIONE PROPRIA;NI NON IONICI;Ammidi;;0;0;0;0;0;0;0;PP PRODUZIONE PROPRIA;PP PRODUZIONE PROPRIA;NI NON IONICI;NI NON IONICI
20275#000XXX;PROTELAN NMF;.000000;34021190;ACQUISTO;PP PRODUZIONE PROPRIA;PP PRODUZIONE PROPRIA;MI MISCELE;Base emulsionanti;;1;1;1;0;1;0;0;PP PRODUZIONE PROPRIA;PP PRODUZIONE PROPRIA;MI MISCELE;MI MISCELE
20265#252XXX;PURTON CFD;.000000;34021300;PRODUZIONE;PP PRODUZIONE PROPRIA;PP PRODUZIONE PROPRIA;NI NON IONICI;Ammidi DI COCCO;;0;0;0;0;0;0;0;PP PRODUZIONE PROPRIA;PP PRODUZIONE PROPRIA;NI NON IONICI;NI NON IONICI
20268#000XXX;PURTON PFD;.000000;34021190;PRODUZIONE;PP PRODUZIONE PROPRIA;PP PRODUZIONE PROPRIA;NI NON IONICI;Ammidi;;0;0;0;0;0;0;0;PP PRODUZIONE PROPRIA;PP PRODUZIONE PROPRIA;NI NON IONICI;NI NON IONICI
20271#000XXX;PURTON SFD;.000000;34021190;PRODUZIONE;PP PRODUZIONE PROPRIA;PP PRODUZIONE PROPRIA;NI NON IONICI;Ammidi;;0;0;0;0;0;0;0;PP PRODUZIONE PROPRIA;PP PRODUZIONE PROPRIA;NI NON IONICI;NI NON IONICI
20263#000XXX;PROTELAN AGL/95 PV;.000000;34021190;PRODUZIONE;RIVENDITA;RIVENDITA PURA;AN ANIONICI;Glutammati;;1;1;1;0;1;0;0;RIVENDITA;RIVENDITA;AN ANIONICI;AN ANIONICI
20265#251XXX;PURTON CFD;.000000;34021300;PRODUZIONE;PP PRODUZIONE PROPRIA;PP PRODUZIONE PROPRIA;NI NON IONICI;Ammidi DI COCCO;;0;0;0;0;0;0;0;PP PRODUZIONE PROPRIA;PP PRODUZIONE PROPRIA;NI NON IONICI;NI NON IONICI
20278#095XXX;LUMOROL FMO;.000000;34021190;ACQUISTO;PP PRODUZIONE PROPRIA;PP PRODUZIONE PROPRIA;MI MISCELE;Compound;;1;0;0;0;0;0;1;PP PRODUZIONE PROPRIA;PP PRODUZIONE PROPRIA;MI MISCELE;MI MISCELE
20278#000XXX;LUMOROL FMO a pH basso;.000000;34021190;ACQUISTO;PP PRODUZIONE PROPRIA;PP PRODUZIONE PROPRIA;MI MISCELE;Compound;;0;0;0;0;0;0;0;PP PRODUZIONE PROPRIA;PP PRODUZIONE PROPRIA;MI MISCELE;MI MISCELE
20274#000XXX;LUMOROL HSC;.000000;34021190;ACQUISTO;PP PRODUZIONE PROPRIA;PP PRODUZIONE PROPRIA;MI MISCELE;Compound;;1;0;0;0;0;0;1;PP PRODUZIONE PROPRIA;PP PRODUZIONE PROPRIA;MI MISCELE;MI MISCELE
20265#000XXX;PURTON CFD;.000000;34021300;PRODUZIONE;PP PRODUZIONE PROPRIA;PP PRODUZIONE PROPRIA;NI NON IONICI;Ammidi DI COCCO;;0;0;0;0;0;0;0;PP PRODUZIONE PROPRIA;PP PRODUZIONE PROPRIA;NI NON IONICI;NI NON IONICI
20289#000XXX;LUMOROL AZ30;.000000;34021190;ACQUISTO;PP PRODUZIONE PROPRIA;PP PRODUZIONE PROPRIA;MI MISCELE;Compound;;0;0;0;0;0;0;0;PP PRODUZIONE PROPRIA;PP PRODUZIONE PROPRIA;MI MISCELE;MI MISCELE
20279#000XXX;LUMOROL LA/K;.000000;34021190;ACQUISTO;PP PRODUZIONE PROPRIA;PP PRODUZIONE PROPRIA;MI MISCELE;Compound;;0;0;0;0;0;0;0;PP PRODUZIONE PROPRIA;PP PRODUZIONE PROPRIA;MI MISCELE;MI MISCELE
20300#264XXX;SETACIN 103/SPEZIAL NP;.000000;34021190;PRODUZIONE;PP PRODUZIONE PROPRIA;PP PRODUZIONE PROPRIA;AN ANIONICI;Solfosuccinati;;1;0;0;0;0;1;0;PP PRODUZIONE PROPRIA;PP PRODUZIONE PROPRIA;AN ANIONICI;AN ANIONICI
20281#000XXX;PROTELAN LS 35;.000000;34021190;ACQUISTO;PP PRODUZIONE PROPRIA;PP PRODUZIONE PROPRIA;AN ANIONICI;Sarcosinati;;1;0;0;0;0;0;1;PP PRODUZIONE PROPRIA;PP PRODUZIONE PROPRIA;AN ANIONICI;AN ANIONICI
20351#000XXX;SULFETAL CA - E;.000000;34021190;ACQUISTO;PP PRODUZIONE PROPRIA;PP PRODUZIONE PROPRIA;AN ANIONICI;Fas;0,27;0;1;1;0;0;0;0;PP PRODUZIONE PROPRIA;PP PRODUZIONE PROPRIA;AN ANIONICI;AN ANIONICI
20284#000XXX;PURTON CM/20-C;.000000;34021190;ACQUISTO;PP PRODUZIONE PROPRIA;PP PRODUZIONE PROPRIA;MI MISCELE;Compound;;0;0;0;0;0;0;0;PP PRODUZIONE PROPRIA;PP PRODUZIONE PROPRIA;MI MISCELE;MI MISCELE
20286#000XXX;LUMOROL CSD;.000000;34021190;ACQUISTO;PP PRODUZIONE PROPRIA;PP PRODUZIONE PROPRIA;MI MISCELE;Compound;;0;0;0;0;0;0;0;PP PRODUZIONE PROPRIA;PP PRODUZIONE PROPRIA;MI MISCELE;MI MISCELE
20292#000XXX;T-QUAT CTA;.000000;34021190;PRODUZIONE;PP PRODUZIONE PROPRIA;PP PRODUZIONE PROPRIA;CA CATIONICI;Cationici;;0;0;0;0;0;0;0;PP PRODUZIONE PROPRIA;PP PRODUZIONE PROPRIA;CA CATIONICI;CA CATIONICI
20355#015XXX;SULFETAL LA B;.000000;34021190;PRODUZIONE;PP PRODUZIONE PROPRIA;PP PRODUZIONE PROPRIA;AN ANIONICI;Fas;0,27;0;0;0;0;0;0;0;PP PRODUZIONE PROPRIA;PP PRODUZIONE PROPRIA;AN ANIONICI;AN ANIONICI
20295#000XXX;LUMOROL T CONC;.000000;34021190;ACQUISTO;PP PRODUZIONE PROPRIA;PP PRODUZIONE PROPRIA;MI MISCELE;Compound;;0;0;0;0;0;0;0;PP PRODUZIONE PROPRIA;PP PRODUZIONE PROPRIA;MI MISCELE;MI MISCELE
20285#000XXX;PROTELAN GC;.000000;34021190;ACQUISTO;PP PRODUZIONE PROPRIA;PP PRODUZIONE PROPRIA;AN ANIONICI;Glicinati;;1;1;0;0;1;0;0;PP PRODUZIONE PROPRIA;PP PRODUZIONE PROPRIA;AN ANIONICI;AN ANIONICI
20296#000XXX;PROTELAN ESG;.000000;34021190;ACQUISTO;PP PRODUZIONE PROPRIA;PP PRODUZIONE PROPRIA;MI MISCELE;Base emulsionanti;;1;0;0;0;0;1;0;PP PRODUZIONE PROPRIA;PP PRODUZIONE PROPRIA;MI MISCELE;MI MISCELE
20297#000XXX;LUMOROL MC7;.000000;34021190;ACQUISTO;PP PRODUZIONE PROPRIA;PP PRODUZIONE PROPRIA;MI MISCELE;Compound;;1;0;0;0;0;0;1;PP PRODUZIONE PROPRIA;PP PRODUZIONE PROPRIA;MI MISCELE;MI MISCELE
20300#104XXX;SETACIN 103 SPEZIAL/D;.000000;34021190;PRODUZIONE;PP PRODUZIONE PROPRIA;PP PRODUZIONE PROPRIA;AN ANIONICI;Solfosuccinati;;1;0;0;0;0;1;0;PP PRODUZIONE PROPRIA;PP PRODUZIONE PROPRIA;AN ANIONICI;AN ANIONICI
20355#112XXX;SULFETAL LA B -E;.000000;34021190;PRODUZIONE;PP PRODUZIONE PROPRIA;PP PRODUZIONE PROPRIA;AN ANIONICI;Fas;0,27;0;1;1;0;0;0;0;PP PRODUZIONE PROPRIA;PP PRODUZIONE PROPRIA;AN ANIONICI;AN ANIONICI
20300#265XXX;SETACIN 103/SPEZIAL NP ROVAL;.000000;34021190;PRODUZIONE;PP PRODUZIONE PROPRIA;PP PRODUZIONE PROPRIA;AN ANIONICI;Solfosuccinati;;1;0;0;0;0;1;0;PP PRODUZIONE PROPRIA;PP PRODUZIONE PROPRIA;AN ANIONICI;AN ANIONICI
20355#000XXX;SULFETAL LA - NON UTILIZZARE;.000000;34021190;PRODUZIONE;PP PRODUZIONE PROPRIA;PP PRODUZIONE PROPRIA;AN ANIONICI;fas;0,27;0;0;0;0;0;0;0;PP PRODUZIONE PROPRIA;PP PRODUZIONE PROPRIA;AN ANIONICI;AN ANIONICI
20385#095XXX;SULFETAL LS A PH ALTO;.000000;34021190;PRODUZIONE;PP PRODUZIONE PROPRIA;PP PRODUZIONE PROPRIA;AN ANIONICI;Fas;0,27;0;1;0;0;0;0;0;PP PRODUZIONE PROPRIA;PP PRODUZIONE PROPRIA;AN ANIONICI;AN ANIONICI
20355#243XXX;SULFETAL LA - HE;.000000;34021190;PRODUZIONE;PP PRODUZIONE PROPRIA;PP PRODUZIONE PROPRIA;AN ANIONICI;Fas;0,27;0;1;1;0;0;0;0;PP PRODUZIONE PROPRIA;PP PRODUZIONE PROPRIA;AN ANIONICI;AN ANIONICI
20355#104XXX;SULFETAL LA/D;.000000;34021190;PRODUZIONE;PP PRODUZIONE PROPRIA;PP PRODUZIONE PROPRIA;AN ANIONICI;Fas;0,27;0;0;0;0;0;0;0;PP PRODUZIONE PROPRIA;PP PRODUZIONE PROPRIA;AN ANIONICI;AN ANIONICI
20365#264XXX;SULFETAL LM NP;.000000;34021190;PRODUZIONE;PP PRODUZIONE PROPRIA;PP PRODUZIONE PROPRIA;AN ANIONICI;Fas;0,27;0;0;0;0;0;0;0;PP PRODUZIONE PROPRIA;PP PRODUZIONE PROPRIA;AN ANIONICI;AN ANIONICI
20385#114XXX;SULFETAL CS - E;.000000;34021190;PRODUZIONE;PP PRODUZIONE PROPRIA;PP PRODUZIONE PROPRIA;AN ANIONICI;Fas;0,27;0;1;1;0;0;0;0;PP PRODUZIONE PROPRIA;PP PRODUZIONE PROPRIA;AN ANIONICI;AN ANIONICI
20357#000XXX;SULFETAL LA/K;.000000;34021190;ACQUISTO;PP PRODUZIONE PROPRIA;PP PRODUZIONE PROPRIA;AN ANIONICI;Fas;0,27;0;0;0;0;0;0;0;PP PRODUZIONE PROPRIA;PP PRODUZIONE PROPRIA;AN ANIONICI;AN ANIONICI
20360#243XXX;SULFETAL ZN;.000000;34021190;ACQUISTO;PP PRODUZIONE PROPRIA;PP PRODUZIONE PROPRIA;AN ANIONICI;Fas;0,27;1;1;1;0;1;0;0;PP PRODUZIONE PROPRIA;PP PRODUZIONE PROPRIA;AN ANIONICI;AN ANIONICI
20384#000XXX;SULFETAL LS/R A PH ALTO;.000000;34021190;ACQUISTO;PP PRODUZIONE PROPRIA;PP PRODUZIONE PROPRIA;AN ANIONICI;Fas;0,27;0;0;0;0;0;0;0;PP PRODUZIONE PROPRIA;PP PRODUZIONE PROPRIA;AN ANIONICI;AN ANIONICI
20385#104XXX;SULFETAL LS/D;.000000;34021190;PRODUZIONE;PP PRODUZIONE PROPRIA;PP PRODUZIONE PROPRIA;AN ANIONICI;Fas;0,27;0;0;0;0;0;0;0;PP PRODUZIONE PROPRIA;PP PRODUZIONE PROPRIA;AN ANIONICI;AN ANIONICI
20391#243XXX;SULFETAL LS 40/T;.000000;34021190;PRODUZIONE;PP PRODUZIONE PROPRIA;PP PRODUZIONE PROPRIA;AN ANIONICI;Fas;0,4;0;1;1;0;0;0;0;PP PRODUZIONE PROPRIA;PP PRODUZIONE PROPRIA;AN ANIONICI;AN ANIONICI
20395#000XXX;SULFETAL LT;.000000;34021190;PRODUZIONE;PP PRODUZIONE PROPRIA;PP PRODUZIONE PROPRIA;AN ANIONICI;Fas;0,4;0;0;0;0;0;0;0;PP PRODUZIONE PROPRIA;PP PRODUZIONE PROPRIA;AN ANIONICI;AN ANIONICI
20365#000XXX;SULFETAL LM;.000000;34021190;PRODUZIONE;PP PRODUZIONE PROPRIA;PP PRODUZIONE PROPRIA;AN ANIONICI;Fas;0,27;0;0;0;0;0;0;0;PP PRODUZIONE PROPRIA;PP PRODUZIONE PROPRIA;AN ANIONICI;AN ANIONICI
20385#106XXX;SULFETAL LS/K KAO;.000000;34021190;PRODUZIONE;PP PRODUZIONE PROPRIA;PP PRODUZIONE PROPRIA;AN ANIONICI;Fas;0,27;0;0;0;0;0;0;0;PP PRODUZIONE PROPRIA;PP PRODUZIONE PROPRIA;AN ANIONICI;AN ANIONICI
20367#000XXX;SULFETAL LM HC;.000000;34021190;ACQUISTO;PP PRODUZIONE PROPRIA;PP PRODUZIONE PROPRIA;AN ANIONICI;Fas;0,5;1;0;0;0;1;0;0;PP PRODUZIONE PROPRIA;PP PRODUZIONE PROPRIA;AN ANIONICI;AN ANIONICI
20385#000XXX;SULFETAL LS - NON UTILIZZARE;.000000;34021190;PRODUZIONE;PP PRODUZIONE PROPRIA;PP PRODUZIONE PROPRIA;AN ANIONICI;fas;0,27;0;0;0;0;0;0;0;PP PRODUZIONE PROPRIA;PP PRODUZIONE PROPRIA;AN ANIONICI;AN ANIONICI
20488#000XXX;ZETESOL LES 2/A a basso attivo;.000000;34021190;ACQUISTO;PP PRODUZIONE PROPRIA;PP PRODUZIONE PROPRIA;AN ANIONICI;Faes;0,27;0;0;0;0;0;0;0;PP PRODUZIONE PROPRIA;PP PRODUZIONE PROPRIA;AN ANIONICI;AN ANIONICI
20395#106XXX;SULFETAL LT/K;.000000;34021190;PRODUZIONE;PP PRODUZIONE PROPRIA;PP PRODUZIONE PROPRIA;AN ANIONICI;Fas;0,4;0;0;0;0;0;0;0;PP PRODUZIONE PROPRIA;PP PRODUZIONE PROPRIA;AN ANIONICI;AN ANIONICI
20491#000XXX;ZETESOL LES 2/BA;.000000;34021190;ACQUISTO;PP PRODUZIONE PROPRIA;PP PRODUZIONE PROPRIA;AN ANIONICI;Faes;0,27;0;0;0;0;0;0;0;PP PRODUZIONE PROPRIA;PP PRODUZIONE PROPRIA;AN ANIONICI;AN ANIONICI
20489#000XXX;ZETESOL AN/70 C;.000000;34021190;ACQUISTO;PP PRODUZIONE PROPRIA;PP PRODUZIONE PROPRIA;AN ANIONICI;Faes;0,7;0;0;0;0;0;0;0;PP PRODUZIONE PROPRIA;PP PRODUZIONE PROPRIA;AN ANIONICI;AN ANIONICI
20395#107XXX;SULFETAL LT PRESERVATIVE FREE;.000000;34021190;PRODUZIONE;PP PRODUZIONE PROPRIA;PP PRODUZIONE PROPRIA;AN ANIONICI;Fas;0,4;0;0;0;0;0;0;0;PP PRODUZIONE PROPRIA;PP PRODUZIONE PROPRIA;AN ANIONICI;AN ANIONICI
20395K#107;SULFETAL LT PRESERVATIVE FREE - sfuso;.000000;34021190;PRODUZIONE;PP PRODUZIONE PROPRIA;PP PRODUZIONE PROPRIA;AN ANIONICI;Fas;0,4;0;0;0;0;0;0;0;PP PRODUZIONE PROPRIA;PP PRODUZIONE PROPRIA;AN ANIONICI;AN ANIONICI
20410#000XXX;SULFETAL MG - NON UTILIZZARE;.000000;34021190;ACQUISTO;PP PRODUZIONE PROPRIA;PP PRODUZIONE PROPRIA;AN ANIONICI;fas;0,27;1;0;0;0;0;1;0;PP PRODUZIONE PROPRIA;PP PRODUZIONE PROPRIA;AN ANIONICI;AN ANIONICI
20496#000XXX;ZETESOL LES 3/SL;.000000;34021190;ACQUISTO;PP PRODUZIONE PROPRIA;PP PRODUZIONE PROPRIA;AN ANIONICI;Faes;0,27;0;0;0;0;0;0;0;PP PRODUZIONE PROPRIA;PP PRODUZIONE PROPRIA;AN ANIONICI;AN ANIONICI
20410#104XXX;SULFETAL MG/D;.000000;34021190;ACQUISTO;PP PRODUZIONE PROPRIA;PP PRODUZIONE PROPRIA;AN ANIONICI;Fas;0,27;1;0;0;0;0;1;0;PP PRODUZIONE PROPRIA;PP PRODUZIONE PROPRIA;AN ANIONICI;AN ANIONICI
20385#243XXX;SULFETAL LS - E;.000000;34021190;PRODUZIONE;PP PRODUZIONE PROPRIA;PP PRODUZIONE PROPRIA;AN ANIONICI;Fas;0,27;0;1;1;0;0;0;0;PP PRODUZIONE PROPRIA;PP PRODUZIONE PROPRIA;AN ANIONICI;AN ANIONICI
20415#000XXX;SULFETAL PLE;.000000;34021190;PRODUZIONE;PP PRODUZIONE PROPRIA;PP PRODUZIONE PROPRIA;MI MISCELE;Compound;;0;0;0;0;0;0;0;PP PRODUZIONE PROPRIA;PP PRODUZIONE PROPRIA;MI MISCELE;MI MISCELE
20492#000XXX;ZETESOL LES 117 HC;.000000;34021190;ACQUISTO;PP PRODUZIONE PROPRIA;PP PRODUZIONE PROPRIA;AN ANIONICI;Faes;0,7;1;0;0;0;1;0;0;PP PRODUZIONE PROPRIA;PP PRODUZIONE PROPRIA;AN ANIONICI;AN ANIONICI
20493#000XXX;ZETEMOL AL;.000000;34021190;ACQUISTO;PP PRODUZIONE PROPRIA;PP PRODUZIONE PROPRIA;ES ESTERI;Estere di grado cosmetico;;1;1;1;0;1;0;0;PP PRODUZIONE PROPRIA;PP PRODUZIONE PROPRIA;ES ESTERI;ES ESTERI
20494#000XXX;ZETESOL LES 11/7;.000000;34021190;ACQUISTO;PP PRODUZIONE PROPRIA;PP PRODUZIONE PROPRIA;AN ANIONICI;Faes;0,27;1;0;0;0;1;0;0;PP PRODUZIONE PROPRIA;PP PRODUZIONE PROPRIA;AN ANIONICI;AN ANIONICI
20500#000XXX;ZETESOL ZN;.000000;34021190;PRODUZIONE;PP PRODUZIONE PROPRIA;PP PRODUZIONE PROPRIA;AN ANIONICI;Faes;0,27;1;0;0;0;1;0;0;PP PRODUZIONE PROPRIA;PP PRODUZIONE PROPRIA;AN ANIONICI;AN ANIONICI
20503#000XXX;ZETESOL AN/70;.000000;34021190;PRODUZIONE;PP PRODUZIONE PROPRIA;PP PRODUZIONE PROPRIA;AN ANIONICI;Faes;0,7;0;0;0;0;0;0;0;PP PRODUZIONE PROPRIA;PP PRODUZIONE PROPRIA;AN ANIONICI;AN ANIONICI
20495#000XXX;ZETESOL LA-2;.000000;;ACQUISTO;PP PRODUZIONE PROPRIA;PP PRODUZIONE PROPRIA;AN ANIONICI;Faes;0,27;0;0;0;0;0;0;0;PP PRODUZIONE PROPRIA;PP PRODUZIONE PROPRIA;AN ANIONICI;AN ANIONICI
20496#013XXX;ZETESOL LES 3/SL;.000000;34021190;ACQUISTO;PP PRODUZIONE PROPRIA;PP PRODUZIONE PROPRIA;AN ANIONICI;Faes;0,27;0;0;0;0;0;0;0;PP PRODUZIONE PROPRIA;PP PRODUZIONE PROPRIA;AN ANIONICI;AN ANIONICI
20505#013XXX;ZETESOL LES 2/K;.000000;34021190;PRODUZIONE;PP PRODUZIONE PROPRIA;PP PRODUZIONE PROPRIA;AN ANIONICI;Faes;0,27;0;0;0;0;0;0;0;PP PRODUZIONE PROPRIA;PP PRODUZIONE PROPRIA;AN ANIONICI;AN ANIONICI
20505#018XXX;ZETESOL LES 2/K AT HIGH VISCOSITY;.000000;34021190;PRODUZIONE;PP PRODUZIONE PROPRIA;PP PRODUZIONE PROPRIA;AN ANIONICI;Faes;0,27;0;0;0;0;0;0;0;PP PRODUZIONE PROPRIA;PP PRODUZIONE PROPRIA;AN ANIONICI;AN ANIONICI
20497#013XXX;ZETESOL LT/K;.000000;34021190;ACQUISTO;PP PRODUZIONE PROPRIA;PP PRODUZIONE PROPRIA;AN ANIONICI;Faes;0,27;0;0;0;0;0;0;0;PP PRODUZIONE PROPRIA;PP PRODUZIONE PROPRIA;AN ANIONICI;AN ANIONICI
20505#104XXX;ZETESOL LES 2/D;.000000;34021190;PRODUZIONE;PP PRODUZIONE PROPRIA;PP PRODUZIONE PROPRIA;AN ANIONICI;Faes;0,27;0;0;0;0;0;0;0;PP PRODUZIONE PROPRIA;PP PRODUZIONE PROPRIA;AN ANIONICI;AN ANIONICI
20507#132XXX;ZETESOL LES 2/FO;.000000;34021190;PRODUZIONE;PP PRODUZIONE PROPRIA;PP PRODUZIONE PROPRIA;AN ANIONICI;Faes;0,27;0;0;0;0;0;0;0;PP PRODUZIONE PROPRIA;PP PRODUZIONE PROPRIA;AN ANIONICI;AN ANIONICI
20497#104XXX;ZETESOL LT/D;.000000;34021190;ACQUISTO;PP PRODUZIONE PROPRIA;PP PRODUZIONE PROPRIA;AN ANIONICI;Faes;0,27;0;0;0;0;0;0;0;PP PRODUZIONE PROPRIA;PP PRODUZIONE PROPRIA;AN ANIONICI;AN ANIONICI
20498#000XXX;ZETESOL LA;.000000;34021190;PRODUZIONE;PP PRODUZIONE PROPRIA;PP PRODUZIONE PROPRIA;AN ANIONICI;Faes;0,27;0;0;0;0;0;0;0;PP PRODUZIONE PROPRIA;PP PRODUZIONE PROPRIA;AN ANIONICI;AN ANIONICI
20498#112XXX;ZETESOL LA/B;.000000;34021190;PRODUZIONE;PP PRODUZIONE PROPRIA;PP PRODUZIONE PROPRIA;AN ANIONICI;Faes;0,27;0;0;0;0;0;0;0;PP PRODUZIONE PROPRIA;PP PRODUZIONE PROPRIA;AN ANIONICI;AN ANIONICI
20385#096XXX;SULFETAL LS/K;.000000;34021190;PRODUZIONE;PP PRODUZIONE PROPRIA;PP PRODUZIONE PROPRIA;AN ANIONICI;Fas;0,27;0;0;0;0;0;0;0;PP PRODUZIONE PROPRIA;PP PRODUZIONE PROPRIA;AN ANIONICI;AN ANIONICI
20505#010XXX;ZETESOL LES 2;.000000;34021190;PRODUZIONE;PP PRODUZIONE PROPRIA;PP PRODUZIONE PROPRIA;AN ANIONICI;Faes;0,27;0;0;0;0;0;0;0;PP PRODUZIONE PROPRIA;PP PRODUZIONE PROPRIA;AN ANIONICI;AN ANIONICI
20505#019XXX;ZETESOL LES 2/K Viscosizzato;.000000;34021190;PRODUZIONE;PP PRODUZIONE PROPRIA;PP PRODUZIONE PROPRIA;AN ANIONICI;Faes;0,27;0;0;0;0;0;0;0;PP PRODUZIONE PROPRIA;PP PRODUZIONE PROPRIA;AN ANIONICI;AN ANIONICI
20497#000XXX;ZETESOL LT - NON UTILIZZARE;.000000;34021190;ACQUISTO;PP PRODUZIONE PROPRIA;PP PRODUZIONE PROPRIA;AN ANIONICI;Faes;0,27;0;0;0;0;0;0;0;PP PRODUZIONE PROPRIA;PP PRODUZIONE PROPRIA;AN ANIONICI;AN ANIONICI
20410#108XXX;SULFETAL MG - HE;.000000;34021190;ACQUISTO;PP PRODUZIONE PROPRIA;PP PRODUZIONE PROPRIA;AN ANIONICI;Fas;0,27;1;1;1;0;0;1;0;PP PRODUZIONE PROPRIA;PP PRODUZIONE PROPRIA;AN ANIONICI;AN ANIONICI
20508#005XXX;ZETESOL LES 3/M;.000000;34021190;PRODUZIONE;PP PRODUZIONE PROPRIA;PP PRODUZIONE PROPRIA;AN ANIONICI;Faes;0,27;0;0;0;0;0;0;0;PP PRODUZIONE PROPRIA;PP PRODUZIONE PROPRIA;AN ANIONICI;AN ANIONICI
20516#000XXX;ZETESOL LES 2/C;.000000;34021190;ACQUISTO;PP PRODUZIONE PROPRIA;PP PRODUZIONE PROPRIA;AN ANIONICI;Faes;0,27;0;0;0;0;0;0;0;PP PRODUZIONE PROPRIA;PP PRODUZIONE PROPRIA;AN ANIONICI;AN ANIONICI
20517#000XXX;ZETESOL LES 2/SL;.000000;34021190;PRODUZIONE;PP PRODUZIONE PROPRIA;PP PRODUZIONE PROPRIA;AN ANIONICI;Faes;0,27;0;0;0;0;0;0;0;PP PRODUZIONE PROPRIA;PP PRODUZIONE PROPRIA;AN ANIONICI;AN ANIONICI
20508#013XXX;ZETESOL LES 3/K;.000000;34021190;PRODUZIONE;PP PRODUZIONE PROPRIA;PP PRODUZIONE PROPRIA;AN ANIONICI;Faes;0,27;0;0;0;0;0;0;0;PP PRODUZIONE PROPRIA;PP PRODUZIONE PROPRIA;AN ANIONICI;AN ANIONICI
20505#005XXX;ZETESOL LES 2/M;.000000;34021190;PRODUZIONE;PP PRODUZIONE PROPRIA;PP PRODUZIONE PROPRIA;AN ANIONICI;Faes;0,27;0;0;0;0;0;0;0;PP PRODUZIONE PROPRIA;PP PRODUZIONE PROPRIA;AN ANIONICI;AN ANIONICI
20510#026XXX;ZETESOL LES 2/A a pH alto;.000000;34021190;PRODUZIONE;PP PRODUZIONE PROPRIA;PP PRODUZIONE PROPRIA;AN ANIONICI;Faes;0,27;0;0;0;0;0;0;0;PP PRODUZIONE PROPRIA;PP PRODUZIONE PROPRIA;AN ANIONICI;AN ANIONICI
20508#000XXX;ZETESOL LES 3 - NON UTILIZZARE;.000000;34021190;PRODUZIONE;PP PRODUZIONE PROPRIA;PP PRODUZIONE PROPRIA;AN ANIONICI;Faes;0,27;0;0;0;0;0;0;0;PP PRODUZIONE PROPRIA;PP PRODUZIONE PROPRIA;AN ANIONICI;AN ANIONICI
20508#104XXX;ZETESOL LES 3/D;.000000;34021190;PRODUZIONE;PP PRODUZIONE PROPRIA;PP PRODUZIONE PROPRIA;AN ANIONICI;Faes;0,27;0;0;0;0;0;0;0;PP PRODUZIONE PROPRIA;PP PRODUZIONE PROPRIA;AN ANIONICI;AN ANIONICI
20509#151XXX;ZETESOL LES 2/P;.000000;34021190;PRODUZIONE;PP PRODUZIONE PROPRIA;PP PRODUZIONE PROPRIA;AN ANIONICI;Faes;0,27;0;0;0;0;0;0;0;PP PRODUZIONE PROPRIA;PP PRODUZIONE PROPRIA;AN ANIONICI;AN ANIONICI
20517#020XXX;ZETESOL LES 2/SL viscosizzato MANETTI;.000000;34021190;PRODUZIONE;PP PRODUZIONE PROPRIA;PP PRODUZIONE PROPRIA;AN ANIONICI;Faes;0,27;0;0;0;0;0;0;0;PP PRODUZIONE PROPRIA;PP PRODUZIONE PROPRIA;AN ANIONICI;AN ANIONICI
20522#005XXX;ZETESOL MG/M;.000000;34021190;PRODUZIONE;PP PRODUZIONE PROPRIA;PP PRODUZIONE PROPRIA;AN ANIONICI;Faes;0,27;0;0;0;0;0;0;0;PP PRODUZIONE PROPRIA;PP PRODUZIONE PROPRIA;AN ANIONICI;AN ANIONICI
20522#071XXX;ZETESOL MG;.000000;34021190;PRODUZIONE;PP PRODUZIONE PROPRIA;PP PRODUZIONE PROPRIA;AN ANIONICI;Faes;0,27;1;0;0;0;0;1;0;PP PRODUZIONE PROPRIA;PP PRODUZIONE PROPRIA;AN ANIONICI;AN ANIONICI
20510#000XXX;ZETESOL LES 2/A;.000000;34021190;PRODUZIONE;PP PRODUZIONE PROPRIA;PP PRODUZIONE PROPRIA;AN ANIONICI;Faes;0,27;0;0;0;0;0;0;0;PP PRODUZIONE PROPRIA;PP PRODUZIONE PROPRIA;AN ANIONICI;AN ANIONICI
20512#007XXX;ZETESOL LES 2/A - L3;.000000;34021190;PRODUZIONE;PP PRODUZIONE PROPRIA;PP PRODUZIONE PROPRIA;AN ANIONICI;Faes;0,27;0;0;0;0;0;0;0;PP PRODUZIONE PROPRIA;PP PRODUZIONE PROPRIA;AN ANIONICI;AN ANIONICI
20523#000XXX;ZETESOL MGS;.000000;34021190;PRODUZIONE;PP PRODUZIONE PROPRIA;PP PRODUZIONE PROPRIA;MI MISCELE;Compound;;1;0;0;0;0;0;0;PP PRODUZIONE PROPRIA;PP PRODUZIONE PROPRIA;MI MISCELE;MI MISCELE
20512#095XXX;ZETESOL LES 2/A - L3 PH ALTO;.000000;34021190;PRODUZIONE;PP PRODUZIONE PROPRIA;PP PRODUZIONE PROPRIA;AN ANIONICI;Faes;0,27;0;0;0;0;0;0;0;PP PRODUZIONE PROPRIA;PP PRODUZIONE PROPRIA;AN ANIONICI;AN ANIONICI
20520#062XXX;ZETESOL LME;.000000;34021190;PRODUZIONE;PP PRODUZIONE PROPRIA;PP PRODUZIONE PROPRIA;AN ANIONICI;Faes;0,27;0;0;0;0;0;0;0;PP PRODUZIONE PROPRIA;PP PRODUZIONE PROPRIA;AN ANIONICI;AN ANIONICI
20517#019XXX;ZETESOL LES 2/SL viscosizzato;.000000;34021190;PRODUZIONE;PP PRODUZIONE PROPRIA;PP PRODUZIONE PROPRIA;AN ANIONICI;Faes;0,27;0;0;0;0;0;0;0;PP PRODUZIONE PROPRIA;PP PRODUZIONE PROPRIA;AN ANIONICI;AN ANIONICI
20519#000XXX;ZETESOL ME/28 - NON UTILIZZARE;.000000;34021190;PRODUZIONE;PP PRODUZIONE PROPRIA;PP PRODUZIONE PROPRIA;AN ANIONICI;Faes;0,27;0;0;0;0;0;0;0;PP PRODUZIONE PROPRIA;PP PRODUZIONE PROPRIA;AN ANIONICI;AN ANIONICI
20523#104XXX;ZETESOL MGS/D;.000000;34021190;PRODUZIONE;PP PRODUZIONE PROPRIA;PP PRODUZIONE PROPRIA;MI MISCELE;Compound;;1;0;0;0;0;1;0;PP PRODUZIONE PROPRIA;PP PRODUZIONE PROPRIA;MI MISCELE;MI MISCELE
20520#000XXX;ZETESOL LME;.000000;34021190;PRODUZIONE;PP PRODUZIONE PROPRIA;PP PRODUZIONE PROPRIA;AN ANIONICI;Faes;0,27;0;0;0;0;0;0;0;PP PRODUZIONE PROPRIA;PP PRODUZIONE PROPRIA;AN ANIONICI;AN ANIONICI
20522#072XXX;ZETESOL MG-FS;.000000;34021190;PRODUZIONE;PP PRODUZIONE PROPRIA;PP PRODUZIONE PROPRIA;AN ANIONICI;Faes;0,27;1;0;0;0;0;1;0;PP PRODUZIONE PROPRIA;PP PRODUZIONE PROPRIA;AN ANIONICI;AN ANIONICI
20522#104XXX;ZETESOL MG/D;.000000;34021190;PRODUZIONE;PP PRODUZIONE PROPRIA;PP PRODUZIONE PROPRIA;AN ANIONICI;Faes;0,27;1;0;0;0;0;1;0;PP PRODUZIONE PROPRIA;PP PRODUZIONE PROPRIA;AN ANIONICI;AN ANIONICI
20522#112XXX;ZETESOL MG/B;.000000;34021190;PRODUZIONE;PP PRODUZIONE PROPRIA;PP PRODUZIONE PROPRIA;AN ANIONICI;Faes;0,27;1;0;0;0;0;1;0;PP PRODUZIONE PROPRIA;PP PRODUZIONE PROPRIA;AN ANIONICI;AN ANIONICI
20523#116XXX;ZETESOL MGS/D 0.6% DMDM;.000000;34021190;PRODUZIONE;PP PRODUZIONE PROPRIA;PP PRODUZIONE PROPRIA;AN ANIONICI;Faes;0,27;1;0;0;0;0;1;0;PP PRODUZIONE PROPRIA;PP PRODUZIONE PROPRIA;AN ANIONICI;AN ANIONICI
20523#112XXX;ZETESOL MGS/B;.000000;34021190;PRODUZIONE;PP PRODUZIONE PROPRIA;PP PRODUZIONE PROPRIA;MI MISCELE;Compound;;1;0;0;0;0;1;0;PP PRODUZIONE PROPRIA;PP PRODUZIONE PROPRIA;MI MISCELE;MI MISCELE
20522#113XXX;ZETESOL MG/BF;.000000;34021190;PRODUZIONE;PP PRODUZIONE PROPRIA;PP PRODUZIONE PROPRIA;AN ANIONICI;Faes;0,27;1;0;0;0;0;1;0;PP PRODUZIONE PROPRIA;PP PRODUZIONE PROPRIA;AN ANIONICI;AN ANIONICI
20523#005XXX;ZETESOL MGS/M;.000000;34021190;PRODUZIONE;PP PRODUZIONE PROPRIA;PP PRODUZIONE PROPRIA;MI MISCELE;Compound;;1;0;0;0;0;1;0;PP PRODUZIONE PROPRIA;PP PRODUZIONE PROPRIA;MI MISCELE;MI MISCELE
20525#072XXX;ZETESOL MG/C-FS;.000000;34021190;ACQUISTO;PP PRODUZIONE PROPRIA;PP PRODUZIONE PROPRIA;AN ANIONICI;Faes;0,27;1;0;0;0;0;1;0;PP PRODUZIONE PROPRIA;PP PRODUZIONE PROPRIA;AN ANIONICI;AN ANIONICI
20523#243XXX;ZETESOL MGS - HE;.000000;34021190;PRODUZIONE;PP PRODUZIONE PROPRIA;PP PRODUZIONE PROPRIA;MI MISCELE;Compound;;1;0;0;0;0;1;0;PP PRODUZIONE PROPRIA;PP PRODUZIONE PROPRIA;MI MISCELE;MI MISCELE
20525#000XXX;ZETESOL MG/C;.000000;34021190;ACQUISTO;PP PRODUZIONE PROPRIA;PP PRODUZIONE PROPRIA;AN ANIONICI;Faes;0,27;1;0;0;0;0;1;0;PP PRODUZIONE PROPRIA;PP PRODUZIONE PROPRIA;AN ANIONICI;AN ANIONICI
20527#000XXX;ZETESOL 256/N;.000000;34021190;PRODUZIONE;PP PRODUZIONE PROPRIA;PP PRODUZIONE PROPRIA;AN ANIONICI;Faes;0,5;0;0;0;0;0;0;0;PP PRODUZIONE PROPRIA;PP PRODUZIONE PROPRIA;AN ANIONICI;AN ANIONICI
20523#113XXX;ZETESOL MGS/BF;.000000;34021190;PRODUZIONE;PP PRODUZIONE PROPRIA;PP PRODUZIONE PROPRIA;AN ANIONICI;Faes;0,27;1;0;0;0;0;1;0;PP PRODUZIONE PROPRIA;PP PRODUZIONE PROPRIA;AN ANIONICI;AN ANIONICI
20523#072XXX;ZETESOL MGS-FS;.000000;34021190;PRODUZIONE;PP PRODUZIONE PROPRIA;PP PRODUZIONE PROPRIA;MI MISCELE;Compound;;1;0;0;0;0;1;0;PP PRODUZIONE PROPRIA;PP PRODUZIONE PROPRIA;MI MISCELE;MI MISCELE
20523#082XXX;ZETESOL MGS/K;.000000;34021190;PRODUZIONE;PP PRODUZIONE PROPRIA;PP PRODUZIONE PROPRIA;MI MISCELE;Compound;;1;0;0;0;0;1;0;PP PRODUZIONE PROPRIA;PP PRODUZIONE PROPRIA;MI MISCELE;MI MISCELE
20535#163XXX;ZETESOL 250/K;.000000;34021190;PRODUZIONE;PP PRODUZIONE PROPRIA;PP PRODUZIONE PROPRIA;AN ANIONICI;Faes;0,5;0;0;0;0;0;0;0;PP PRODUZIONE PROPRIA;PP PRODUZIONE PROPRIA;AN ANIONICI;AN ANIONICI
20523#086XXX;ZETESOL MGS/K100;.000000;34021190;PRODUZIONE;PP PRODUZIONE PROPRIA;PP PRODUZIONE PROPRIA;MI MISCELE;Compound;;1;0;0;0;0;1;0;PP PRODUZIONE PROPRIA;PP PRODUZIONE PROPRIA;MI MISCELE;MI MISCELE
20533#000XXX;ZETESOL ME 28 MCBRIDE;.000000;34021190;ACQUISTO;PP PRODUZIONE PROPRIA;PP PRODUZIONE PROPRIA;AN ANIONICI;Faes;0,27;0;0;0;0;0;0;0;PP PRODUZIONE PROPRIA;PP PRODUZIONE PROPRIA;AN ANIONICI;AN ANIONICI
20533#095XXX;ZETESOL ME 28/I;.000000;34021190;ACQUISTO;PP PRODUZIONE PROPRIA;PP PRODUZIONE PROPRIA;AN ANIONICI;Faes;0,27;0;0;0;0;0;0;0;PP PRODUZIONE PROPRIA;PP PRODUZIONE PROPRIA;AN ANIONICI;AN ANIONICI
20533#117XXX;ZETESOL ME 28/I pH NEUTRO 0.3% DMDM;.000000;34021190;ACQUISTO;PP PRODUZIONE PROPRIA;PP PRODUZIONE PROPRIA;AN ANIONICI;Faes;0,27;0;0;0;0;0;0;0;PP PRODUZIONE PROPRIA;PP PRODUZIONE PROPRIA;AN ANIONICI;AN ANIONICI
20534#000XXX;ZETESOL 250/C;.000000;34021190;ACQUISTO;PP PRODUZIONE PROPRIA;PP PRODUZIONE PROPRIA;AN ANIONICI;Faes;0,5;0;0;0;0;0;0;0;PP PRODUZIONE PROPRIA;PP PRODUZIONE PROPRIA;AN ANIONICI;AN ANIONICI
20535#000XXX;ZETESOL 250 - NON UTILIZZARE;.000000;34021190;PRODUZIONE;PP PRODUZIONE PROPRIA;PP PRODUZIONE PROPRIA;AN ANIONICI;Faes;0,5;0;0;0;0;0;0;0;PP PRODUZIONE PROPRIA;PP PRODUZIONE PROPRIA;AN ANIONICI;AN ANIONICI
20532#000XXX;ZETESOL T CONC;.000000;34021190;PRODUZIONE;PP PRODUZIONE PROPRIA;PP PRODUZIONE PROPRIA;MI MISCELE;Compound;;0;0;0;0;0;0;0;PP PRODUZIONE PROPRIA;PP PRODUZIONE PROPRIA;MI MISCELE;MI MISCELE
20535#095XXX;ZETESOL 250/SL;.000000;34021190;PRODUZIONE;PP PRODUZIONE PROPRIA;PP PRODUZIONE PROPRIA;AN ANIONICI;Faes;0,5;0;0;0;0;0;0;0;PP PRODUZIONE PROPRIA;PP PRODUZIONE PROPRIA;AN ANIONICI;AN ANIONICI
20541#000XXX;ZETESOL LES2/MC;.000000;34021190;ACQUISTO;PP PRODUZIONE PROPRIA;PP PRODUZIONE PROPRIA;AN ANIONICI;Faes;0,27;0;0;0;0;0;0;0;PP PRODUZIONE PROPRIA;PP PRODUZIONE PROPRIA;AN ANIONICI;AN ANIONICI
20550#000XXX;ZETESOL 270;.000000;34021190;PRODUZIONE;PP PRODUZIONE PROPRIA;PP PRODUZIONE PROPRIA;AN ANIONICI;Faes;0,7;0;0;0;0;0;0;0;PP PRODUZIONE PROPRIA;PP PRODUZIONE PROPRIA;AN ANIONICI;AN ANIONICI
20537#000XXX;ZETESOL AN 27;.000000;34021190;PRODUZIONE;PP PRODUZIONE PROPRIA;PP PRODUZIONE PROPRIA;AN ANIONICI;Faes;0,27;0;0;0;0;0;0;0;PP PRODUZIONE PROPRIA;PP PRODUZIONE PROPRIA;AN ANIONICI;AN ANIONICI
20553#000XXX;ZETESOL 270/N;.000000;34021190;PRODUZIONE;PP PRODUZIONE PROPRIA;PP PRODUZIONE PROPRIA;AN ANIONICI;Faes;0,7;0;0;0;0;0;0;0;PP PRODUZIONE PROPRIA;PP PRODUZIONE PROPRIA;AN ANIONICI;AN ANIONICI
20542#000XXX;ZETESOL LES 2/A MC;.000000;34021190;ACQUISTO;PP PRODUZIONE PROPRIA;PP PRODUZIONE PROPRIA;AN ANIONICI;Faes;0,27;0;0;0;0;0;0;0;PP PRODUZIONE PROPRIA;PP PRODUZIONE PROPRIA;AN ANIONICI;AN ANIONICI
20553#170XXX;ZETESOL 270/N at high pH with EDTA;.000000;34021190;PRODUZIONE;PP PRODUZIONE PROPRIA;PP PRODUZIONE PROPRIA;AN ANIONICI;Faes;0,7;0;0;0;0;0;0;0;PP PRODUZIONE PROPRIA;PP PRODUZIONE PROPRIA;AN ANIONICI;AN ANIONICI
20546#000XXX;ZETESOL 270/P;.000000;34021190;PRODUZIONE;PP PRODUZIONE PROPRIA;PP PRODUZIONE PROPRIA;AN ANIONICI;Faes;0,7;0;0;0;0;0;0;0;PP PRODUZIONE PROPRIA;PP PRODUZIONE PROPRIA;AN ANIONICI;AN ANIONICI
20554#000XXX;ZETESOL 370/N;.000000;34021190;PRODUZIONE;PP PRODUZIONE PROPRIA;PP PRODUZIONE PROPRIA;AN ANIONICI;Faes;0,7;0;0;0;0;0;0;0;PP PRODUZIONE PROPRIA;PP PRODUZIONE PROPRIA;AN ANIONICI;AN ANIONICI
20547#000XXX;ZETESOL 270/NS - NON UTILIZZARE;.000000;34021190;PRODUZIONE;PP PRODUZIONE PROPRIA;PP PRODUZIONE PROPRIA;AN ANIONICI;Faes;0,7;0;0;0;0;0;0;0;PP PRODUZIONE PROPRIA;PP PRODUZIONE PROPRIA;AN ANIONICI;AN ANIONICI
20549#000XXX;ZETESOL 270/820;.000000;34021190;PRODUZIONE;PP PRODUZIONE PROPRIA;PP PRODUZIONE PROPRIA;AN ANIONICI;Faes;0,7;0;0;0;0;0;0;0;PP PRODUZIONE PROPRIA;PP PRODUZIONE PROPRIA;AN ANIONICI;AN ANIONICI
20552#000XXX;ZETESOL 270/L;.000000;34021190;PRODUZIONE;PP PRODUZIONE PROPRIA;PP PRODUZIONE PROPRIA;AN ANIONICI;Faes;0,7;0;0;0;0;0;0;0;PP PRODUZIONE PROPRIA;PP PRODUZIONE PROPRIA;AN ANIONICI;AN ANIONICI
20559#000XXX;ZETESOL 370/SH;.000000;34021190;ACQUISTO;PP PRODUZIONE PROPRIA;PP PRODUZIONE PROPRIA;AN ANIONICI;Faes;0,7;0;0;0;0;0;0;0;PP PRODUZIONE PROPRIA;PP PRODUZIONE PROPRIA;AN ANIONICI;AN ANIONICI
20556#000XXX;ZUSOLAT 1007/85;.000000;34021190;PRODUZIONE;PP PRODUZIONE PROPRIA;PP PRODUZIONE PROPRIA;NI NON IONICI;Alcoli;;0;0;0;0;0;0;0;PP PRODUZIONE PROPRIA;PP PRODUZIONE PROPRIA;NI NON IONICI;NI NON IONICI
20558#000XXX;ZETESOL 1070;.000000;34021190;PRODUZIONE;PP PRODUZIONE PROPRIA;PP PRODUZIONE PROPRIA;AN ANIONICI;Faes;0,7;0;0;0;0;0;0;0;PP PRODUZIONE PROPRIA;PP PRODUZIONE PROPRIA;AN ANIONICI;AN ANIONICI
20561#000XXX;ZETESOL 1027;.000000;34021190;PRODUZIONE;PP PRODUZIONE PROPRIA;PP PRODUZIONE PROPRIA;AN ANIONICI;Faes;0,27;0;0;0;0;0;0;0;PP PRODUZIONE PROPRIA;PP PRODUZIONE PROPRIA;AN ANIONICI;AN ANIONICI
20553#172XXX;ZETESOL 270/N;.000000;34021190;PRODUZIONE;PP PRODUZIONE PROPRIA;PP PRODUZIONE PROPRIA;AN ANIONICI;Faes;0,7;0;0;0;0;0;0;0;PP PRODUZIONE PROPRIA;PP PRODUZIONE PROPRIA;AN ANIONICI;AN ANIONICI
20543#000XXX;ZETESOL LES 2/P35 - NON UTILIZZARE;.000000;34021190;ACQUISTO;PP PRODUZIONE PROPRIA;PP PRODUZIONE PROPRIA;AN ANIONICI;Faes;0,27;0;0;0;0;0;0;0;PP PRODUZIONE PROPRIA;PP PRODUZIONE PROPRIA;AN ANIONICI;AN ANIONICI
20544#000XXX;ZETESOL 270/MC;.000000;34021190;ACQUISTO;PP PRODUZIONE PROPRIA;PP PRODUZIONE PROPRIA;AN ANIONICI;Faes;0,7;0;0;0;0;0;0;0;PP PRODUZIONE PROPRIA;PP PRODUZIONE PROPRIA;AN ANIONICI;AN ANIONICI
20554#115XXX;ZETESOL 370/CS;.000000;34021190;PRODUZIONE;PP PRODUZIONE PROPRIA;PP PRODUZIONE PROPRIA;AN ANIONICI;Faes;0,7;0;0;0;0;0;0;0;PP PRODUZIONE PROPRIA;PP PRODUZIONE PROPRIA;AN ANIONICI;AN ANIONICI
20564#000XXX;ZUSOLAT 1008/85;.000000;34021190;ACQUISTO;PP PRODUZIONE PROPRIA;PP PRODUZIONE PROPRIA;NI NON IONICI;Alcoli;;0;0;0;0;0;0;0;PP PRODUZIONE PROPRIA;PP PRODUZIONE PROPRIA;NI NON IONICI;NI NON IONICI
20563#000XXX;ZETESOL LES 2/T;.000000;34021190;ACQUISTO;PP PRODUZIONE PROPRIA;PP PRODUZIONE PROPRIA;AN ANIONICI;Faes;0,27;0;0;0;0;0;0;0;PP PRODUZIONE PROPRIA;PP PRODUZIONE PROPRIA;AN ANIONICI;AN ANIONICI
20566#000XXX;ZETESOL 270/C;.000000;34021190;ACQUISTO;PP PRODUZIONE PROPRIA;PP PRODUZIONE PROPRIA;AN ANIONICI;Faes;0,7;0;0;0;0;0;0;0;PP PRODUZIONE PROPRIA;PP PRODUZIONE PROPRIA;AN ANIONICI;AN ANIONICI
21008#000XXX;ESTERTEC ITS;.000000;34021190;ACQUISTO;PP PRODUZIONE PROPRIA;PP PRODUZIONE PROPRIA;ES ESTERI;Estere di grado tecnico;;1;0;0;0;0;1;0;PP PRODUZIONE PROPRIA;PP PRODUZIONE PROPRIA;ES ESTERI;ES ESTERI
21002#000XXX;ESTERTEC EHP;.000000;34021190;ACQUISTO;PP PRODUZIONE PROPRIA;PP PRODUZIONE PROPRIA;ES ESTERI;Estere di grado tecnico;;1;0;0;0;0;1;0;PP PRODUZIONE PROPRIA;PP PRODUZIONE PROPRIA;ES ESTERI;ES ESTERI
21003#000XXX;ESTERTEC EHC;.000000;34021190;ACQUISTO;PP PRODUZIONE PROPRIA;PP PRODUZIONE PROPRIA;ES ESTERI;Estere di grado tecnico;;1;0;0;0;0;1;0;PP PRODUZIONE PROPRIA;PP PRODUZIONE PROPRIA;ES ESTERI;ES ESTERI
20526#016XXX;ZETESOL MX/B;.000000;34021190;PRODUZIONE;PP PRODUZIONE PROPRIA;PP PRODUZIONE PROPRIA;MI MISCELE;Compound;;0;0;0;0;0;0;0;PP PRODUZIONE PROPRIA;PP PRODUZIONE PROPRIA;MI MISCELE;MI MISCELE
21004#000XXX;ESTERTEC EHS;.000000;34021190;ACQUISTO;PP PRODUZIONE PROPRIA;PP PRODUZIONE PROPRIA;ES ESTERI;Estere di grado tecnico;;1;0;0;0;0;1;0;PP PRODUZIONE PROPRIA;PP PRODUZIONE PROPRIA;ES ESTERI;ES ESTERI
21007#000XXX;ESTERTEC EHSB;.000000;34021190;ACQUISTO;PP PRODUZIONE PROPRIA;PP PRODUZIONE PROPRIA;ES ESTERI;Estere di grado tecnico;;1;0;0;0;1;0;0;PP PRODUZIONE PROPRIA;PP PRODUZIONE PROPRIA;ES ESTERI;ES ESTERI
20540#000XXX;ZETESOL MG/350;.000000;34021190;ACQUISTO;PP PRODUZIONE PROPRIA;PP PRODUZIONE PROPRIA;AN ANIONICI;Faes;0,5;1;0;0;0;0;1;0;PP PRODUZIONE PROPRIA;PP PRODUZIONE PROPRIA;AN ANIONICI;AN ANIONICI
21067#000XXX;ESTERTEC ISL;.000000;34021190;ACQUISTO;PP PRODUZIONE PROPRIA;PP PRODUZIONE PROPRIA;ES ESTERI;Estere di grado tecnico;;1;0;0;0;1;0;0;PP PRODUZIONE PROPRIA;PP PRODUZIONE PROPRIA;ES ESTERI;ES ESTERI
21102#000XXX;ZETEMOL OP - NON UTILIZZARE;.000000;34021190;ACQUISTO;PP PRODUZIONE PROPRIA;PP PRODUZIONE PROPRIA;ES ESTERI;Estere di grado cosmetico;;1;0;0;0;0;0;1;PP PRODUZIONE PROPRIA;PP PRODUZIONE PROPRIA;ES ESTERI;ES ESTERI
21109#000XXX;ZETEMOL CSO;.000000;34021190;ACQUISTO;PP PRODUZIONE PROPRIA;PP PRODUZIONE PROPRIA;ES ESTERI;Estere di grado cosmetico;;1;0;0;0;1;0;0;PP PRODUZIONE PROPRIA;PP PRODUZIONE PROPRIA;ES ESTERI;ES ESTERI
21103#000XXX;ZETEMOL OC;.000000;34021190;ACQUISTO;PP PRODUZIONE PROPRIA;PP PRODUZIONE PROPRIA;ES ESTERI;Estere di grado cosmetico;;1;0;0;0;0;1;0;PP PRODUZIONE PROPRIA;PP PRODUZIONE PROPRIA;ES ESTERI;ES ESTERI
21104#000XXX;ZETEMOL OS - NON UTILIZZARE;.000000;34021190;ACQUISTO;PP PRODUZIONE PROPRIA;PP PRODUZIONE PROPRIA;ES ESTERI;Estere di grado cosmetico;;1;0;0;0;0;0;1;PP PRODUZIONE PROPRIA;PP PRODUZIONE PROPRIA;ES ESTERI;ES ESTERI
21107#000XXX;ZETEMOL OSB;.000000;34021190;ACQUISTO;PP PRODUZIONE PROPRIA;PP PRODUZIONE PROPRIA;ES ESTERI;Estere di grado cosmetico;;1;0;0;0;1;0;0;PP PRODUZIONE PROPRIA;PP PRODUZIONE PROPRIA;ES ESTERI;ES ESTERI
21493#000XXX;ESTERTEC AL;.000000;34021190;ACQUISTO;PP PRODUZIONE PROPRIA;PP PRODUZIONE PROPRIA;ES ESTERI;Estere di grado tecnico;;1;0;0;0;1;0;0;PP PRODUZIONE PROPRIA;PP PRODUZIONE PROPRIA;ES ESTERI;ES ESTERI
22004#000XXX;TENSIOTEC LAO;.000000;34021190;ACQUISTO;PP PRODUZIONE PROPRIA;PP PRODUZIONE PROPRIA;AF ANFOTERI;Ossido di ammina;;1;0;0;0;0;0;1;PP PRODUZIONE PROPRIA;PP PRODUZIONE PROPRIA;AF ANFOTERI;AF ANFOTERI
22005#000XXX;TENSIOTEC HVO;.000000;34021190;ACQUISTO;PP PRODUZIONE PROPRIA;PP PRODUZIONE PROPRIA;AF ANFOTERI;Ossido di ammina;;1;0;0;0;0;1;0;PP PRODUZIONE PROPRIA;PP PRODUZIONE PROPRIA;AF ANFOTERI;AF ANFOTERI
21110#000XXX;ZETEMOL 99;.000000;34021190;ACQUISTO;PP PRODUZIONE PROPRIA;PP PRODUZIONE PROPRIA;ES ESTERI;Estere di grado cosmetico;;1;0;0;0;1;0;0;PP PRODUZIONE PROPRIA;PP PRODUZIONE PROPRIA;ES ESTERI;ES ESTERI
22001#000XXX;TENSIOTEC CPB;.000000;34021190;ACQUISTO;PP PRODUZIONE PROPRIA;PP PRODUZIONE PROPRIA;AF ANFOTERI;Betaina;;0;0;0;0;0;0;0;PP PRODUZIONE PROPRIA;PP PRODUZIONE PROPRIA;AF ANFOTERI;AF ANFOTERI
22002#000XXX;TENSIOTEC CPB/CONC;.000000;34021190;ACQUISTO;PP PRODUZIONE PROPRIA;PP PRODUZIONE PROPRIA;AF ANFOTERI;Betaina;;0;1;1;0;0;0;0;PP PRODUZIONE PROPRIA;PP PRODUZIONE PROPRIA;AF ANFOTERI;AF ANFOTERI
21005#000XXX;ESTERTEC EHL;.000000;34021190;ACQUISTO;PP PRODUZIONE PROPRIA;PP PRODUZIONE PROPRIA;ES ESTERI;Estere di grado tecnico;;1;0;0;0;0;1;0;PP PRODUZIONE PROPRIA;PP PRODUZIONE PROPRIA;ES ESTERI;ES ESTERI
21006#000XXX;ESTERTEC 2IS;.000000;34021190;ACQUISTO;PP PRODUZIONE PROPRIA;PP PRODUZIONE PROPRIA;ES ESTERI;Estere di grado tecnico;;1;0;0;0;1;0;0;PP PRODUZIONE PROPRIA;PP PRODUZIONE PROPRIA;ES ESTERI;ES ESTERI
22003#000XXX;TENSIOTEC CAO;.000000;34021190;ACQUISTO;PP PRODUZIONE PROPRIA;PP PRODUZIONE PROPRIA;AF ANFOTERI;Ossido di ammide;;0;0;0;0;0;0;0;PP PRODUZIONE PROPRIA;PP PRODUZIONE PROPRIA;AF ANFOTERI;AF ANFOTERI
21105#000XXX;ZETEMOL OL;.000000;34021190;ACQUISTO;PP PRODUZIONE PROPRIA;PP PRODUZIONE PROPRIA;ES ESTERI;Estere di grado cosmetico;;1;0;0;0;0;1;0;PP PRODUZIONE PROPRIA;PP PRODUZIONE PROPRIA;ES ESTERI;ES ESTERI
21106#000XXX;ZETEMOL 2IS;.000000;34021190;ACQUISTO;PP PRODUZIONE PROPRIA;PP PRODUZIONE PROPRIA;ES ESTERI;Estere di grado cosmetico;;1;0;0;0;1;0;0;PP PRODUZIONE PROPRIA;PP PRODUZIONE PROPRIA;ES ESTERI;ES ESTERI
22006#000XXX;TENSIOTEC DAC;.000000;34021190;ACQUISTO;PP PRODUZIONE PROPRIA;PP PRODUZIONE PROPRIA;AF ANFOTERI;Anfoacetati;;0;1;1;0;0;0;0;PP PRODUZIONE PROPRIA;PP PRODUZIONE PROPRIA;AF ANFOTERI;AF ANFOTERI
22009#000XXX;TENSIOTEC KC;.000000;34021190;ACQUISTO;PP PRODUZIONE PROPRIA;PP PRODUZIONE PROPRIA;AN ANIONICI;Saponi;;0;0;0;0;0;0;0;PP PRODUZIONE PROPRIA;PP PRODUZIONE PROPRIA;AN ANIONICI;AN ANIONICI
22010#000XXX;TENSIOTEC KL;.000000;34021190;ACQUISTO;PP PRODUZIONE PROPRIA;PP PRODUZIONE PROPRIA;AN ANIONICI;Saponi;;0;0;0;0;0;0;0;PP PRODUZIONE PROPRIA;PP PRODUZIONE PROPRIA;AN ANIONICI;AN ANIONICI
22011#000XXX;TENSIOTEC 24;.000000;34021190;ACQUISTO;PP PRODUZIONE PROPRIA;PP PRODUZIONE PROPRIA;AN ANIONICI;Saponi;;0;0;0;0;0;0;0;PP PRODUZIONE PROPRIA;PP PRODUZIONE PROPRIA;AN ANIONICI;AN ANIONICI
22016#000XXX;TENSIOTEC ALS;.000000;34021190;ACQUISTO;PP PRODUZIONE PROPRIA;PP PRODUZIONE PROPRIA;AN ANIONICI;Fas;0,27;0;0;0;0;0;0;0;PP PRODUZIONE PROPRIA;PP PRODUZIONE PROPRIA;AN ANIONICI;AN ANIONICI
22013#000XXX;TENSIOTEC DSL;.000000;34021190;ACQUISTO;PP PRODUZIONE PROPRIA;PP PRODUZIONE PROPRIA;AN ANIONICI;Solfosuccinati;;1;0;0;0;0;1;0;PP PRODUZIONE PROPRIA;PP PRODUZIONE PROPRIA;AN ANIONICI;AN ANIONICI
22014#000XXX;TENSIOTEC AS;.000000;34021190;ACQUISTO;PP PRODUZIONE PROPRIA;PP PRODUZIONE PROPRIA;AN ANIONICI;Fas;0,27;0;0;0;0;0;0;0;PP PRODUZIONE PROPRIA;PP PRODUZIONE PROPRIA;AN ANIONICI;AN ANIONICI
20553#095XXX;ZETESOL 270/N A PH ALTO;.000000;34021190;PRODUZIONE;PP PRODUZIONE PROPRIA;PP PRODUZIONE PROPRIA;AN ANIONICI;Faes;0,7;0;0;0;0;0;0;0;PP PRODUZIONE PROPRIA;PP PRODUZIONE PROPRIA;AN ANIONICI;AN ANIONICI
22015#000XXX;TENSIOTEC CS;.000000;34021190;ACQUISTO;PP PRODUZIONE PROPRIA;PP PRODUZIONE PROPRIA;AN ANIONICI;Fas;0,4;0;0;1;0;0;0;0;PP PRODUZIONE PROPRIA;PP PRODUZIONE PROPRIA;AN ANIONICI;AN ANIONICI
22018#000XXX;TENSIOTEC MS/CONC;.000000;34021190;ACQUISTO;PP PRODUZIONE PROPRIA;PP PRODUZIONE PROPRIA;AN ANIONICI;Fas;0,5;1;0;0;0;1;0;0;PP PRODUZIONE PROPRIA;PP PRODUZIONE PROPRIA;AN ANIONICI;AN ANIONICI
22017#000XXX;TENSIOTEC MS;.000000;34021190;ACQUISTO;PP PRODUZIONE PROPRIA;PP PRODUZIONE PROPRIA;AN ANIONICI;Fas;0,27;0;0;0;0;0;0;0;PP PRODUZIONE PROPRIA;PP PRODUZIONE PROPRIA;AN ANIONICI;AN ANIONICI
22029#000XXX;TENSIOTEC 727;.000000;34021190;ACQUISTO;PP PRODUZIONE PROPRIA;PP PRODUZIONE PROPRIA;AN ANIONICI;Faes;0,27;1;0;0;0;1;0;0;PP PRODUZIONE PROPRIA;PP PRODUZIONE PROPRIA;AN ANIONICI;AN ANIONICI
22028#000XXX;TENSIOTEC 370;.000000;34021190;ACQUISTO;PP PRODUZIONE PROPRIA;PP PRODUZIONE PROPRIA;AN ANIONICI;Faes;0,7;0;0;0;0;0;0;0;PP PRODUZIONE PROPRIA;PP PRODUZIONE PROPRIA;AN ANIONICI;AN ANIONICI
22019#000XXX;TENSIOTEC TS;.000000;34021190;ACQUISTO;PP PRODUZIONE PROPRIA;PP PRODUZIONE PROPRIA;AN ANIONICI;Fas;0,4;0;0;0;0;0;0;0;PP PRODUZIONE PROPRIA;PP PRODUZIONE PROPRIA;AN ANIONICI;AN ANIONICI
22022#000XXX;TENSIOTEC 127;.000000;34021190;ACQUISTO;PP PRODUZIONE PROPRIA;PP PRODUZIONE PROPRIA;AN ANIONICI;Faes;0,27;0;0;0;0;0;0;0;PP PRODUZIONE PROPRIA;PP PRODUZIONE PROPRIA;AN ANIONICI;AN ANIONICI
22031#000XXX;TENSIOTEC A 27;.000000;34021190;ACQUISTO;PP PRODUZIONE PROPRIA;PP PRODUZIONE PROPRIA;AN ANIONICI;Faes;0,27;0;0;0;0;0;0;0;PP PRODUZIONE PROPRIA;PP PRODUZIONE PROPRIA;AN ANIONICI;AN ANIONICI
22024#000XXX;TENSIOTEC 227;.000000;34021190;ACQUISTO;PP PRODUZIONE PROPRIA;PP PRODUZIONE PROPRIA;AN ANIONICI;Faes;0,27;0;0;0;0;0;0;0;PP PRODUZIONE PROPRIA;PP PRODUZIONE PROPRIA;AN ANIONICI;AN ANIONICI
22025#000XXX;TENSIOTEC 227/C;.000000;34021190;ACQUISTO;PP PRODUZIONE PROPRIA;PP PRODUZIONE PROPRIA;AN ANIONICI;Faes;0,27;0;0;0;0;0;0;0;PP PRODUZIONE PROPRIA;PP PRODUZIONE PROPRIA;AN ANIONICI;AN ANIONICI
22030#000XXX;TENSIOTEC 780;.000000;34021190;ACQUISTO;PP PRODUZIONE PROPRIA;PP PRODUZIONE PROPRIA;AN ANIONICI;Faes;0,7;1;0;0;0;1;0;0;PP PRODUZIONE PROPRIA;PP PRODUZIONE PROPRIA;AN ANIONICI;AN ANIONICI
22026#000XXX;TENSIOTEC 270;.000000;34021190;ACQUISTO;PP PRODUZIONE PROPRIA;PP PRODUZIONE PROPRIA;AN ANIONICI;Faes;0,7;0;0;0;0;0;0;0;PP PRODUZIONE PROPRIA;PP PRODUZIONE PROPRIA;AN ANIONICI;AN ANIONICI
22027#000XXX;TENSIOTEC 327;.000000;34021190;ACQUISTO;PP PRODUZIONE PROPRIA;PP PRODUZIONE PROPRIA;AN ANIONICI;Faes;0,27;0;0;0;0;0;0;0;PP PRODUZIONE PROPRIA;PP PRODUZIONE PROPRIA;AN ANIONICI;AN ANIONICI
22032#000XXX;TENSIOTEC T 27;.000000;34021190;ACQUISTO;PP PRODUZIONE PROPRIA;PP PRODUZIONE PROPRIA;AN ANIONICI;Faes;0,27;0;0;0;0;0;0;0;PP PRODUZIONE PROPRIA;PP PRODUZIONE PROPRIA;AN ANIONICI;AN ANIONICI
22036#000XXX;TENSIOTEC SD;.000000;34021190;ACQUISTO;PP PRODUZIONE PROPRIA;PP PRODUZIONE PROPRIA;NI NON IONICI;Ammidi;;0;0;0;0;0;0;0;PP PRODUZIONE PROPRIA;PP PRODUZIONE PROPRIA;NI NON IONICI;NI NON IONICI
22035#000XXX;TENSIOTEC CM;.000000;34021190;ACQUISTO;PP PRODUZIONE PROPRIA;PP PRODUZIONE PROPRIA;NI NON IONICI;Ammidi DI COCCO;;0;0;0;0;0;0;0;PP PRODUZIONE PROPRIA;PP PRODUZIONE PROPRIA;NI NON IONICI;NI NON IONICI
22055#000XXX;REDISOL APC;.000000;34021190;ACQUISTO;PP PRODUZIONE PROPRIA;PP PRODUZIONE PROPRIA;MI MISCELE;Compound;;1;0;0;0;0;0;1;PP PRODUZIONE PROPRIA;PP PRODUZIONE PROPRIA;MI MISCELE;MI MISCELE
22037#000XXX;TENSIOTEC AE 2;.000000;34021190;ACQUISTO;PP PRODUZIONE PROPRIA;PP PRODUZIONE PROPRIA;NI NON IONICI;Ammina;;0;0;0;0;0;0;0;PP PRODUZIONE PROPRIA;PP PRODUZIONE PROPRIA;NI NON IONICI;NI NON IONICI
22038#000XXX;TENSIOTEC AE 5;.000000;34021190;ACQUISTO;PP PRODUZIONE PROPRIA;PP PRODUZIONE PROPRIA;NI NON IONICI;Ammina;;0;0;0;0;0;0;0;PP PRODUZIONE PROPRIA;PP PRODUZIONE PROPRIA;NI NON IONICI;NI NON IONICI
22054#000XXX;REDISOL L;.000000;34021190;ACQUISTO;PP PRODUZIONE PROPRIA;PP PRODUZIONE PROPRIA;MI MISCELE;Compound;;1;0;0;0;0;0;1;PP PRODUZIONE PROPRIA;PP PRODUZIONE PROPRIA;MI MISCELE;MI MISCELE
22039#000XXX;TENSIOTEC C7;.000000;34021190;ACQUISTO;PP PRODUZIONE PROPRIA;PP PRODUZIONE PROPRIA;CA CATIONICI;Cationici;;0;0;0;0;0;0;0;PP PRODUZIONE PROPRIA;PP PRODUZIONE PROPRIA;CA CATIONICI;CA CATIONICI
22040#000XXX;TENSIOTEC CTA;.000000;34021190;ACQUISTO;PP PRODUZIONE PROPRIA;PP PRODUZIONE PROPRIA;CA CATIONICI;Cationici;;0;0;0;0;0;0;0;PP PRODUZIONE PROPRIA;PP PRODUZIONE PROPRIA;CA CATIONICI;CA CATIONICI
25553#172XXX;ZETESOL 270/N - RSPO - MB;.000000;34021190;PRODUZIONE;PP PRODUZIONE PROPRIA;PP PRODUZIONE PROPRIA;AN ANIONICI;Faes;0,7;0;0;0;0;0;0;0;PP PRODUZIONE PROPRIA;PP PRODUZIONE PROPRIA;AN ANIONICI;AN ANIONICI
30266;PURTON CFM;.000000;;ACQUISTO;RIVENDITA;INTERCOMPANY;NI NON IONICI;Ammidi DI COCCO;;0;0;0;0;0;0;0;RIVENDITA;RIVENDITA;NI NON IONICI;NI NON IONICI
22053#000XXX;REDISOL DW;.000000;34021190;ACQUISTO;PP PRODUZIONE PROPRIA;PP PRODUZIONE PROPRIA;MI MISCELE;Compound;;0;0;0;0;0;0;0;PP PRODUZIONE PROPRIA;PP PRODUZIONE PROPRIA;MI MISCELE;MI MISCELE
25507#132XXX;ZETESOL LES 2/FO - RSPO - MB;.000000;34021190;PRODUZIONE;PP PRODUZIONE PROPRIA;PP PRODUZIONE PROPRIA;AN ANIONICI;Faes;0,27;0;0;0;0;0;0;0;PP PRODUZIONE PROPRIA;PP PRODUZIONE PROPRIA;AN ANIONICI;AN ANIONICI
22034#000XXX;TENSIOTEC CD;.000000;34021190;ACQUISTO;PP PRODUZIONE PROPRIA;PP PRODUZIONE PROPRIA;NI NON IONICI;Ammidi DI COCCO;;0;0;0;0;0;0;0;PP PRODUZIONE PROPRIA;PP PRODUZIONE PROPRIA;NI NON IONICI;NI NON IONICI
25355#015XXX;SULFETAL LA B - RSPO - MB;.000000;34021190;PRODUZIONE;PP PRODUZIONE PROPRIA;PP PRODUZIONE PROPRIA;AN ANIONICI;Fas;0,27;0;0;0;0;0;0;0;PP PRODUZIONE PROPRIA;PP PRODUZIONE PROPRIA;AN ANIONICI;AN ANIONICI
22023#000XXX;TENSIOTEC 170;.000000;34021190;ACQUISTO;PP PRODUZIONE PROPRIA;PP PRODUZIONE PROPRIA;AN ANIONICI;Faes;0,7;0;0;0;0;0;0;0;PP PRODUZIONE PROPRIA;PP PRODUZIONE PROPRIA;AN ANIONICI;AN ANIONICI
25385#095XXX;SULFETAL LS - RSPO - MB;.000000;34021190;PRODUZIONE;PP PRODUZIONE PROPRIA;PP PRODUZIONE PROPRIA;AN ANIONICI;Fas;0,27;0;0;0;0;0;0;0;PP PRODUZIONE PROPRIA;PP PRODUZIONE PROPRIA;AN ANIONICI;AN ANIONICI
25503#000XXX;ZETESOL AN/70 - RSPO - MB;.000000;34021190;PRODUZIONE;PP PRODUZIONE PROPRIA;PP PRODUZIONE PROPRIA;AN ANIONICI;Faes;0,7;0;0;0;0;0;0;0;PP PRODUZIONE PROPRIA;PP PRODUZIONE PROPRIA;AN ANIONICI;AN ANIONICI
25517#000XXX;ZETESOL LES 2/SL - RSPO - MB;.000000;34021190;ACQUISTO;PP PRODUZIONE PROPRIA;PP PRODUZIONE PROPRIA;AN ANIONICI;Faes;0,27;0;0;0;0;0;0;0;PP PRODUZIONE PROPRIA;PP PRODUZIONE PROPRIA;AN ANIONICI;AN ANIONICI
32001;ALTRIFORM S;25.000000;29151200;ACQUISTO;RIVENDITA;INTERCOMPANY;OCCASIONALI;Varie;;0;0;0;0;0;0;0;RIVENDITA;RIVENDITA;OCCASIONALI;OCCASIONALI
22052#000XXX;REDISOL AE;.000000;34021190;ACQUISTO;PP PRODUZIONE PROPRIA;PP PRODUZIONE PROPRIA;MI MISCELE;Compound;;0;0;0;0;0;0;0;PP PRODUZIONE PROPRIA;PP PRODUZIONE PROPRIA;MI MISCELE;MI MISCELE
32012;AMPHOTENSID CCF;140.000000;34021900;ACQUISTO;RIVENDITA;INTERCOMPANY;AF ANFOTERI;Propionati;;1;0;0;0;0;0;1;RIVENDITA;RIVENDITA;AF ANFOTERI;AF ANFOTERI
32035;AUTOPOON 4012;190.000000;34029010;ACQUISTO;RIVENDITA;INTERCOMPANY;MI MISCELE;Compound;;0;0;0;0;0;0;0;RIVENDITA;RIVENDITA;MI MISCELE;MI MISCELE
32263;LUMOROL K 5303;125.000000;34021190;ACQUISTO;RIVENDITA;INTERCOMPANY;MI MISCELE;Compound;;1;0;0;0;1;0;0;RIVENDITA;RIVENDITA;MI MISCELE;MI MISCELE
32005;AMPHOTENSID D1;130.000000;34021900;ACQUISTO;RIVENDITA;INTERCOMPANY;AF ANFOTERI;Propionati;;0;0;0;0;0;0;0;RIVENDITA;RIVENDITA;AF ANFOTERI;AF ANFOTERI
32020;AMPHOTENSID EH;140.000000;34021900;ACQUISTO;RIVENDITA;INTERCOMPANY;AF ANFOTERI;propionati;;1;0;0;0;0;0;1;RIVENDITA;RIVENDITA;AF ANFOTERI;AF ANFOTERI
32125;EXTRACT 52 - sostituito da Lumorol K 52;140.000000;34029010;ACQUISTO;RIVENDITA;INTERCOMPANY;MI MISCELE;Compound;;1;0;0;0;0;0;1;RIVENDITA;RIVENDITA;MI MISCELE;MI MISCELE
32250;INHIBITOR 4000;150.000000;34039990;ACQUISTO;RIVENDITA;INTERCOMPANY;ATTIVI;Derivato dell'acido borico;;0;0;0;0;0;0;0;RIVENDITA;RIVENDITA;AT ATTIVI;AT ATTIVI
32260;LUMOROL RK;130.000000;34029010;ACQUISTO;RIVENDITA;INTERCOMPANY;MI MISCELE;Compound;;0;0;0;0;0;0;0;RIVENDITA;RIVENDITA;MI MISCELE;MI MISCELE
32261;LUMOROL K 5229;120.000000;34029010;ACQUISTO;RIVENDITA;INTERCOMPANY;MI MISCELE;Compound;;1;0;0;0;1;0;0;RIVENDITA;RIVENDITA;MI MISCELE;MI MISCELE
32268;LUMOROL E 690;140.000000;34029010;ACQUISTO;RIVENDITA;INTERCOMPANY;MI MISCELE;Compound;;0;0;0;0;0;0;0;RIVENDITA;RIVENDITA;MI MISCELE;MI MISCELE
32266;LUMOROL K 52;135.000000;34029010;ACQUISTO;RIVENDITA;INTERCOMPANY;MI MISCELE;Compound;;0;0;0;0;0;0;0;RIVENDITA;RIVENDITA;MI MISCELE;MI MISCELE
32339;MULSIFAN RT 258;120.000000;34021300;ACQUISTO;RIVENDITA;INTERCOMPANY;NI NON IONICI;Alcoli;;0;0;0;0;0;0;0;RIVENDITA;RIVENDITA;NI NON IONICI;NI NON IONICI
32311;MULSIFAN CSA 02;20.000000;38249097;ACQUISTO;RIVENDITA;INTERCOMPANY;NI NON IONICI;Alcoli;;0;0;0;0;0;0;0;RIVENDITA;RIVENDITA;NI NON IONICI;NI NON IONICI
32307;MULSIFAN CPA;115.000000;34021300;ACQUISTO;RIVENDITA;INTERCOMPANY;NI NON IONICI;Alcoli;;0;0;0;0;0;0;0;RIVENDITA;RIVENDITA;NI NON IONICI;NI NON IONICI
32314;MULSIFAN CLA 09 PH;30.000000;34021300;ACQUISTO;RIVENDITA;INTERCOMPANY;NI NON IONICI;Alcoli;;0;0;0;0;0;0;0;RIVENDITA;RIVENDITA;NI NON IONICI;NI NON IONICI
32315;MULSIFAN RT 1;130.000000;;ACQUISTO;RIVENDITA;INTERCOMPANY;ES ESTERI;Esteri Vari;;0;0;0;0;0;0;0;RIVENDITA;RIVENDITA;ES ESTERI;ES ESTERI
32331;MULSIFAN RT 110;20.000000;34021300;ACQUISTO;RIVENDITA;INTERCOMPANY;NI NON IONICI;Alcoli;;0;0;0;0;0;0;0;RIVENDITA;RIVENDITA;NI NON IONICI;NI NON IONICI
32332;MULSIFAN RT 203/80;125.000000;34021300;ACQUISTO;RIVENDITA;INTERCOMPANY;NI NON IONICI;Alcoli;;0;0;0;0;0;0;0;RIVENDITA;RIVENDITA;NI NON IONICI;NI NON IONICI
32309;MULSIFAN CSA 21;20.000000;34021300;ACQUISTO;RIVENDITA;INTERCOMPANY;NI NON IONICI;Alcoli;;0;0;0;0;0;0;0;RIVENDITA;RIVENDITA;NI NON IONICI;NI NON IONICI
32310;MULSIFAN K 326;130.000000;34029010;ACQUISTO;RIVENDITA;INTERCOMPANY;NI NON IONICI;Alcoli;;0;0;0;0;0;0;0;RIVENDITA;RIVENDITA;NI NON IONICI;NI NON IONICI
32369;OXETAL A 125;130.000000;34021300;ACQUISTO;RIVENDITA;INTERCOMPANY;NI NON IONICI;Alcoli;;0;0;0;0;0;0;0;RIVENDITA;RIVENDITA;NI NON IONICI;NI NON IONICI
32410;OXETAL VD 92;140.000000;34029010;ACQUISTO;RIVENDITA;INTERCOMPANY;NI NON IONICI;Alcoli;;1;0;0;0;1;0;0;RIVENDITA;RIVENDITA;NI NON IONICI;NI NON IONICI
32419;OXYPON 328;130.000000;34021300;ACQUISTO;RIVENDITA;INTERCOMPANY;NI NON IONICI;Polimero;;1;0;0;0;0;1;0;RIVENDITA;RIVENDITA;NI NON IONICI;NI NON IONICI
32421;OXYPON 401;125.000000;34021300;ACQUISTO;RIVENDITA;INTERCOMPANY;NI NON IONICI;Polimero;;1;0;0;0;0;1;0;RIVENDITA;RIVENDITA;NI NON IONICI;NI NON IONICI
32422;OXYPON 440;130.000000;34021300;ACQUISTO;RIVENDITA;INTERCOMPANY;NI NON IONICI;Polimero;;1;0;0;0;0;1;0;RIVENDITA;RIVENDITA;NI NON IONICI;NI NON IONICI
32423;OXYPON SP 15;190.000000;34021300;ACQUISTO;RIVENDITA;INTERCOMPANY;NI NON IONICI;Polimero;;1;0;0;0;0;1;0;RIVENDITA;RIVENDITA;NI NON IONICI;NI NON IONICI
32445;LUMOROL K 5019;.000000;34021190;ACQUISTO;RIVENDITA;INTERCOMPANY;MI MISCELE;Compound;;1;0;0;0;1;0;0;RIVENDITA;RIVENDITA;MI MISCELE;MI MISCELE
32417;OXYPON 288;130.000000;34021300;ACQUISTO;RIVENDITA;INTERCOMPANY;NI NON IONICI;Polimero;;1;0;0;0;0;1;0;RIVENDITA;RIVENDITA;NI NON IONICI;NI NON IONICI
32466;PROPETAL 140;125.000000;34021300;ACQUISTO;RIVENDITA;INTERCOMPANY;NI NON IONICI;Eto-Propo;;0;0;0;0;0;0;0;RIVENDITA;RIVENDITA;NI NON IONICI;NI NON IONICI
32467;PROPETAL 130;120.000000;;ACQUISTO;RIVENDITA;INTERCOMPANY;NI NON IONICI;Eto-Propo;;0;0;0;0;0;0;0;RIVENDITA;RIVENDITA;NI NON IONICI;NI NON IONICI
32435;PHOSFETAL 201;130.000000;34021190;ACQUISTO;RIVENDITA;INTERCOMPANY;AN ANIONICI;Alchileteri Fosfati;;1;0;0;0;0;0;1;RIVENDITA;RIVENDITA;AN ANIONICI;AN ANIONICI
32436;PEARLAGENT GM 4175;130.000000;34029010;ACQUISTO;RIVENDITA;INTERCOMPANY;MI MISCELE;Perlanti;;1;0;0;0;0;1;0;RIVENDITA;RIVENDITA;MI MISCELE;MI MISCELE
32442;PEARLAGENT GM 4055;125.000000;34029010;ACQUISTO;RIVENDITA;INTERCOMPANY;MI MISCELE;Perlanti;;1;0;0;0;0;1;0;RIVENDITA;RIVENDITA;MI MISCELE;MI MISCELE
32439;PHOSFETAL 201 K;130.000000;34021190;ACQUISTO;RIVENDITA;INTERCOMPANY;AN ANIONICI;Alchileteri Fosfati;;1;0;0;0;0;0;1;RIVENDITA;RIVENDITA;AN ANIONICI;AN ANIONICI
32500;SULFETAL C jot 60;1000.000000;34021190;ACQUISTO;RIVENDITA;INTERCOMPANY;AN ANIONICI;Fas;0,27;0;0;0;0;0;0;0;RIVENDITA;RIVENDITA;AN ANIONICI;AN ANIONICI
32504;SETACIN F SPEZIAL;100.000000;34021190;ACQUISTO;RIVENDITA;INTERCOMPANY;AN ANIONICI;Solfosuccinati;;1;0;0;0;0;1;0;RIVENDITA;RIVENDITA;AN ANIONICI;AN ANIONICI
32462;PROPETAL 120;125.000000;34021300;ACQUISTO;RIVENDITA;INTERCOMPANY;NI NON IONICI;Eto-Propo;;0;0;0;0;0;0;0;RIVENDITA;RIVENDITA;NI NON IONICI;NI NON IONICI
32464;PROPETAL 100;120.000000;34021300;ACQUISTO;RIVENDITA;INTERCOMPANY;NI NON IONICI;Eto-Propo;;0;0;0;0;0;0;0;RIVENDITA;RIVENDITA;NI NON IONICI;NI NON IONICI
32505;SETACIN 103 SB;140.000000;;ACQUISTO;RIVENDITA;INTERCOMPANY;AN ANIONICI;Solfosuccinati;;1;0;0;0;0;1;0;RIVENDITA;RIVENDITA;AN ANIONICI;AN ANIONICI
32650;WAXEMULSION 1864;130.000000;34053000;ACQUISTO;RIVENDITA;INTERCOMPANY;OCCASIONALI;Varie;;0;0;0;0;0;0;0;RIVENDITA;RIVENDITA;OCCASIONALI;OCCASIONALI
32662;ZETESAP C 11;30.000000;34029010;ACQUISTO;RIVENDITA;INTERCOMPANY;MI MISCELE;Base per syndet;;0;0;0;0;0;0;0;RIVENDITA;RIVENDITA;MI MISCELE;MI MISCELE
32506;SEBUMOL ODPC;25.000000;29337900;ACQUISTO;RIVENDITA;INTERCOMPANY;ES ESTERI;Estere di grado cosmetico;;1;1;0;0;1;0;0;RIVENDITA;RIVENDITA;ES ESTERI;ES ESTERI
32560;SULFETAL 4069;140.000000;34021190;ACQUISTO;RIVENDITA;INTERCOMPANY;AN ANIONICI;Fas;0,4;1;0;0;0;0;0;1;RIVENDITA;RIVENDITA;AN ANIONICI;AN ANIONICI
32561;SULFETAL 4105;140.000000;34021190;ACQUISTO;RIVENDITA;INTERCOMPANY;AN ANIONICI;Fas;0,4;1;0;0;0;0;0;0;RIVENDITA;RIVENDITA;AN ANIONICI;AN ANIONICI
32562;SULFETAL TC 50;30.000000;34021190;ACQUISTO;RIVENDITA;INTERCOMPANY;AN ANIONICI;Fas;0,27;0;1;1;0;0;0;0;RIVENDITA;RIVENDITA;AN ANIONICI;AN ANIONICI
43003;ALCOOL CETILICO C16;20.000000;29051700;ACQUISTO;DISTRIBUTORI;ECOGREEN;NI NON IONICI;Alcoli;;0;1;1;0;0;0;0;DISTRIBUTORI;DISTRIBUTORI;NI NON IONICI;NI NON IONICI
32565;TURKEY RED OIL 100%;135.000000;34021190;ACQUISTO;RIVENDITA;INTERCOMPANY;AN ANIONICI;Fas;;0;1;1;0;0;0;0;RIVENDITA;RIVENDITA;AN ANIONICI;AN ANIONICI
32678;ZUSOLAT 1005/85;125.000000;34021300;ACQUISTO;RIVENDITA;INTERCOMPANY;NI NON IONICI;Alcoli;;0;0;0;0;0;0;0;RIVENDITA;RIVENDITA;NI NON IONICI;NI NON IONICI
32680;ZUSOLAT 1008/85;125.000000;34021300;ACQUISTO;RIVENDITA;INTERCOMPANY;NI NON IONICI;Alcoli;;0;0;0;0;0;0;0;RIVENDITA;RIVENDITA;NI NON IONICI;NI NON IONICI
32665;ZETESOL 2056;135.000000;34021190;ACQUISTO;RIVENDITA;INTERCOMPANY;AN ANIONICI;Faes;0,5;0;0;0;0;0;0;0;RIVENDITA;RIVENDITA;AN ANIONICI;AN ANIONICI
32670;LUMOROL K 1000;120.000000;34029010;ACQUISTO;RIVENDITA;INTERCOMPANY;MI MISCELE;Compound;;0;0;0;0;0;0;0;RIVENDITA;RIVENDITA;MI MISCELE;MI MISCELE
32675;ZETESAP 813/P;20.000000;34029010;ACQUISTO;RIVENDITA;INTERCOMPANY;MI MISCELE;Base per syndet;;0;0;0;0;0;0;0;RIVENDITA;RIVENDITA;MI MISCELE;MI MISCELE
32682;ZUSOLAT 1010/85;125.000000;34021300;ACQUISTO;RIVENDITA;INTERCOMPANY;NI NON IONICI;Alcoli;;0;0;0;0;0;0;0;RIVENDITA;RIVENDITA;NI NON IONICI;NI NON IONICI
43000;ALCOOL CETIL-OLEICO 80/85;170.000000;38237000;ACQUISTO;DISTRIBUTORI;ECOGREEN;NI NON IONICI;Alcoli;;0;0;0;0;0;0;0;DISTRIBUTORI;DISTRIBUTORI;NI NON IONICI;NI NON IONICI
43007;AMPHOTENSID GM 1993;100.000000;34021300;ACQUISTO;DISTRIBUTORI;RIVENDITA PURA;MI MISCELE;Compound;;0;0;0;0;0;0;0;RIVENDITA;RIVENDITA;MI MISCELE;MI MISCELE
43001;ALCOOL CETILSTEARILICO 30;20.000000;38237000;PRODUZIONE;DISTRIBUTORI;ECOGREEN;NI NON IONICI;Alcoli;;0;1;1;0;0;0;0;DISTRIBUTORI;DISTRIBUTORI;NI NON IONICI;NI NON IONICI
43036;DIVALIN C 200 - FUORI PRODUZIONE;100.000000;;ACQUISTO;RIVENDITA;RIVENDITA PURA;OCCASIONALI;Varie;;0;0;0;0;0;0;0;RIVENDITA;RIVENDITA;OCCASIONALI;OCCASIONALI
43013;ALCOOL CETIL-OLEICO 50/55;170.000000;38237000;ACQUISTO;DISTRIBUTORI;ECOGREEN;NI NON IONICI;Alcoli;;0;0;0;0;0;0;0;DISTRIBUTORI;DISTRIBUTORI;NI NON IONICI;NI NON IONICI
43018;ALCOOL CETIL-OLEICO 90/95;170.000000;29052990;ACQUISTO;DISTRIBUTORI;ECOGREEN;NI NON IONICI;Alcoli;;0;0;0;0;0;0;0;DISTRIBUTORI;DISTRIBUTORI;NI NON IONICI;NI NON IONICI
43019;ALCOOL C 8;.000000;;ACQUISTO;DISTRIBUTORI;ECOGREEN;NI NON IONICI;Alcoli;;0;0;0;0;0;0;0;DISTRIBUTORI;DISTRIBUTORI;NI NON IONICI;NI NON IONICI
43022;ALCOOL C 14/98 - SCAGLIE;20.000000;;ACQUISTO;DISTRIBUTORI;ECOGREEN;NI NON IONICI;Alcoli;;0;0;0;0;0;0;0;DISTRIBUTORI;DISTRIBUTORI;NI NON IONICI;NI NON IONICI
43035;DIVALIN LC 7;120.000000;34021300;ACQUISTO;RIVENDITA;RIVENDITA PURA;AN ANIONICI;Citrato;;0;0;0;0;0;0;0;RIVENDITA;RIVENDITA;AN ANIONICI;AN ANIONICI
43041;ZETEMULS GO;175.000000;;ACQUISTO;RIVENDITA;RIVENDITA PURA;ES ESTERI;Estere di grado cosmetico;;1;1;1;0;0;0;1;RIVENDITA;RIVENDITA;ES ESTERI;ES ESTERI
43006;ALCOOL CETILSTEARILICO 50;20.000000;38237000;ACQUISTO;DISTRIBUTORI;ECOGREEN;NI NON IONICI;Alcoli;;0;1;1;0;0;0;0;DISTRIBUTORI;DISTRIBUTORI;NI NON IONICI;NI NON IONICI
43049;CUBLEN K 3014;270.000000;29310099;ACQUISTO;RIVENDITA;INTERCOMPANY;FOSFONATO;Fosfonato;;0;0;0;0;0;0;0;RIVENDITA;RIVENDITA;FOSFONATO;FOSFONATO
43053;AMPHOTENSID GB 2009 CONC.;22000.000000;34021900;ACQUISTO;RIVENDITA;RIVENDITA PURA;AF ANFOTERI;Anfoacetati;;0;1;1;0;0;0;0;RIVENDITA;RIVENDITA;AF ANFOTERI;AF ANFOTERI
43056;GLYCERINE - E;250.000000;29054500;ACQUISTO;RIVENDITA;MP MATERIE PRIME;NI NON IONICI;Alcoli;;0;1;1;0;0;0;0;RIVENDITA;RIVENDITA;NI NON IONICI;NI NON IONICI
43058;ZETEMULS SLL;25.000000;34021190;ACQUISTO;RIVENDITA;RIVENDITA PURA;ES ESTERI;Estere di grado cosmetico;;1;1;1;0;0;1;0;RIVENDITA;RIVENDITA;ES ESTERI;ES ESTERI
43074;ZETEMULS B 25;25.000000;34021300;ACQUISTO;RIVENDITA;RIVENDITA PURA;NI NON IONICI;Alcoli;;0;0;0;0;0;0;0;RIVENDITA;RIVENDITA;NI NON IONICI;NI NON IONICI
43065;LUMO S ACIDO;25000.000000;29041000;ACQUISTO;RIVENDITA;RIVENDITA PURA;AN ANIONICI;Alchilbenzene lineare solfonato;;0;0;0;0;0;0;0;RIVENDITA;RIVENDITA;AN ANIONICI;AN ANIONICI
43067;ZETEMULS CS 2;100.000000;;ACQUISTO;RIVENDITA;RIVENDITA PURA;NI NON IONICI;Alcoli;;0;0;0;0;0;0;0;RIVENDITA;RIVENDITA;NI NON IONICI;NI NON IONICI
43070;T-QUAT CTA CONC;200.000000;29239000;ACQUISTO;RIVENDITA;RIVENDITA PURA;CA CATIONICI;Cationici;;0;0;0;0;0;0;0;RIVENDITA;RIVENDITA;CA CATIONICI;CA CATIONICI
43079;ZETEMULS RT 146;200.000000;34021300;ACQUISTO;RIVENDITA;RIVENDITA PURA;NI NON IONICI;Polimero;;0;0;0;0;0;0;0;RIVENDITA;RIVENDITA;NI NON IONICI;NI NON IONICI
43075;TRIUMPHNETZER ZSN;1000.000000;34021190;ACQUISTO;RIVENDITA;RIVENDITA PURA;AN ANIONICI;Solfosuccinati;;1;0;0;0;0;0;1;RIVENDITA;RIVENDITA;AN ANIONICI;AN ANIONICI
43076;ZETEMULS CC 6;100.000000;;ACQUISTO;RIVENDITA;RIVENDITA PURA;NI NON IONICI;Polimero;;0;0;0;0;0;0;0;RIVENDITA;RIVENDITA;NI NON IONICI;NI NON IONICI
43078;ZETEMULS HE;100.000000;34021300;ACQUISTO;RIVENDITA;RIVENDITA PURA;ES ESTERI;Estere di grado cosmetico;;1;0;0;0;0;1;0;RIVENDITA;RIVENDITA;ES ESTERI;ES ESTERI
43082;ZETEMULS COH 40/95;100.000000;34021300;ACQUISTO;RIVENDITA;RIVENDITA PURA;NI NON IONICI;Polimero;;0;0;0;0;0;0;0;RIVENDITA;RIVENDITA;NI NON IONICI;NI NON IONICI
43085;ZETEMULS COH/40;25.000000;34021300;ACQUISTO;RIVENDITA;RIVENDITA PURA;NI NON IONICI;Polimero;;0;0;0;0;0;0;0;RIVENDITA;RIVENDITA;NI NON IONICI;NI NON IONICI
43086;ZETEMULS B 10;25.000000;34021300;ACQUISTO;RIVENDITA;RIVENDITA PURA;NI NON IONICI;Alcoli;;0;0;0;0;0;0;0;RIVENDITA;RIVENDITA;NI NON IONICI;NI NON IONICI
43091;ZETEMULS LH/24;25.000000;34021300;ACQUISTO;RIVENDITA;RIVENDITA PURA;NI NON IONICI;Alcoli;;0;0;0;0;0;0;0;RIVENDITA;RIVENDITA;NI NON IONICI;NI NON IONICI
43093;ZETEMULS B 30;25.000000;;ACQUISTO;RIVENDITA;RIVENDITA PURA;NI NON IONICI;Alcoli;;0;0;0;0;0;0;0;RIVENDITA;RIVENDITA;NI NON IONICI;NI NON IONICI
43084;ZETEWAX AGS;25.000000;;ACQUISTO;RIVENDITA;RIVENDITA PURA;ES ESTERI;Esteri Vari;;0;0;0;0;0;0;0;RIVENDITA;RIVENDITA;ES ESTERI;ES ESTERI
43095;PROPETAL 30/I;120.000000;34021300;ACQUISTO;RIVENDITA;RIVENDITA PURA;NI NON IONICI;Eto-Propo;;0;0;0;0;0;0;0;RIVENDITA;RIVENDITA;NI NON IONICI;NI NON IONICI
43094;POLIGLICOLE 6000;25.000000;;PRODUZIONE;RIVENDITA;RIVENDITA PURA;NI NON IONICI;Alcoli;;0;0;0;0;0;0;0;RIVENDITA;RIVENDITA;NI NON IONICI;NI NON IONICI
43122;GALACID EXEL 80;25.000000;29181100;ACQUISTO;DISTRIBUTORI;GALACTIC;DERIVATO ACIDO LATTICO;Derivato dell'acido Lattico;;0;0;0;0;0;0;0;DISTRIBUTORI;DISTRIBUTORI;DERIVATO ACIDO LATTICO;DERIVATO ACIDO LATTICO
43100;OLIO DI RISO;190.000000;15159099;ACQUISTO;RIVENDITA;RIVENDITA PURA;ES ESTERI;Esteri Vari;;1;1;0;0;0;0;1;RIVENDITA;RIVENDITA;ES ESTERI;ES ESTERI
43105;OMNIPON EC;20.000000;;ACQUISTO;RIVENDITA;RIVENDITA PURA;MI MISCELE;Base emulsionanti;;0;0;0;0;0;0;0;RIVENDITA;RIVENDITA;MI MISCELE;MI MISCELE
43110;ZETEWAX NF;20.000000;;ACQUISTO;RIVENDITA;RIVENDITA PURA;ES ESTERI;Esteri Vari;;1;0;0;0;0;0;1;RIVENDITA;RIVENDITA;ES ESTERI;ES ESTERI
43123;GALASTER BL 97;200.000000;29181100;ACQUISTO;DISTRIBUTORI;GALACTIC;DERIVATO ACIDO LATTICO;Derivato dell'acido Lattico;;1;0;0;0;1;0;0;DISTRIBUTORI;DISTRIBUTORI;DERIVATO ACIDO LATTICO;DERIVATO ACIDO LATTICO
43121;GALACID C 90;25.000000;29181100;ACQUISTO;DISTRIBUTORI;GALACTIC;DERIVATO ACIDO LATTICO;Derivato dell'acido Lattico;;0;1;1;0;0;0;0;DISTRIBUTORI;DISTRIBUTORI;DERIVATO ACIDO LATTICO;DERIVATO ACIDO LATTICO
43124;GALASTER EHL 95;200.000000;29181100;ACQUISTO;DISTRIBUTORI;GALACTIC;DERIVATO ACIDO LATTICO;Derivato dell'acido Lattico;;1;0;0;0;1;0;0;DISTRIBUTORI;DISTRIBUTORI;DERIVATO ACIDO LATTICO;DERIVATO ACIDO LATTICO
43125;GALANIUM ZN 3H Powder;25.000000;29181100;ACQUISTO;DISTRIBUTORI;GALACTIC;DERIVATO ACIDO LATTICO;Derivato dell'acido Lattico;;1;0;0;0;1;0;0;DISTRIBUTORI;DISTRIBUTORI;DERIVATO ACIDO LATTICO;DERIVATO ACIDO LATTICO
43126;GALASTER EL 98.5;200.000000;;ACQUISTO;DISTRIBUTORI;GALACTIC;DERIVATO ACIDO LATTICO;Derivato dell'acido Lattico;;1;1;1;0;1;0;0;DISTRIBUTORI;DISTRIBUTORI;DERIVATO ACIDO LATTICO;DERIVATO ACIDO LATTICO
43127;GALAXIUM PEARLS EXCEL;25.000000;29181100;ACQUISTO;DISTRIBUTORI;GALACTIC;DERIVATO ACIDO LATTICO;Derivato dell'acido Lattico;;1;0;0;0;1;0;0;DISTRIBUTORI;DISTRIBUTORI;DERIVATO ACIDO LATTICO;DERIVATO ACIDO LATTICO
43141;PROTELAN ID/R;120.000000;35040090;ACQUISTO;RIVENDITA;RIVENDITA PURA;AN ANIONICI;Proteine idrolizzate funzionalizzate;;1;1;1;0;0;0;1;RIVENDITA;RIVENDITA;AN ANIONICI;AN ANIONICI
43143;PROTELAN ID/G L;125.000000;34021190;ACQUISTO;RIVENDITA;RIVENDITA PURA;AN ANIONICI;Proteine idrolizzate funzionalizzate;;1;1;1;0;0;0;1;RIVENDITA;RIVENDITA;AN ANIONICI;AN ANIONICI
43149;ZETEWAX AE;20.000000;34021300;ACQUISTO;RIVENDITA;RIVENDITA PURA;ES ESTERI;Esteri Vari;;0;1;1;0;0;0;0;RIVENDITA;RIVENDITA;ES ESTERI;ES ESTERI
43150;MULSIFAN EC 15;25.000000;;ACQUISTO;RIVENDITA;RIVENDITA PURA;NI NON IONICI;Alcoli;;0;0;0;0;0;0;0;RIVENDITA;RIVENDITA;NI NON IONICI;NI NON IONICI
43151;ZETEMULS RT 141;120.000000;34021300;ACQUISTO;RIVENDITA;RIVENDITA PURA;NI NON IONICI;Ammidi;;0;0;0;0;0;0;0;RIVENDITA;RIVENDITA;NI NON IONICI;NI NON IONICI
43160;RETENTOL LSP;110.000000;;ACQUISTO;RIVENDITA;RIVENDITA PURA;OCCASIONALI;Varie;;0;0;0;0;0;0;0;RIVENDITA;RIVENDITA;OCCASIONALI;OCCASIONALI
43161;PHOSFETAL ANB;1000.000000;;ACQUISTO;DISTRIBUTORI;RIVENDITA PURA;AN ANIONICI;Alchileteri Fosfati;;0;0;0;0;0;0;0;RIVENDITA;RIVENDITA;AN ANIONICI;AN ANIONICI
43164;ROFAMIN TD;160.000000;34021200;ACQUISTO;DISTRIBUTORI;ECOGREEN;NI NON IONICI;Ammina;;0;0;0;0;0;0;0;DISTRIBUTORI;DISTRIBUTORI;NI NON IONICI;NI NON IONICI
43166;ROFAMIN TD 40;160.000000;34021200;ACQUISTO;DISTRIBUTORI;ECOGREEN;NI NON IONICI;Ammina;;0;0;0;0;0;0;0;DISTRIBUTORI;DISTRIBUTORI;NI NON IONICI;NI NON IONICI
43168;ZETEMULS PGR;24.000000;38249092;ACQUISTO;DISTRIBUTORI;RIVENDITA PURA;NI NON IONICI;Polimero;;1;1;1;0;1;0;0;RIVENDITA;RIVENDITA;NI NON IONICI;NI NON IONICI
43169;ROFAMIN KD;160.000000;34021200;ACQUISTO;DISTRIBUTORI;ECOGREEN;NI NON IONICI;Ammina;;0;0;0;0;0;0;0;DISTRIBUTORI;DISTRIBUTORI;NI NON IONICI;NI NON IONICI
43170;T-OIL GTCC;180.000000;29159070;ACQUISTO;DISTRIBUTORI;ECOGREEN;ES ESTERI;Estere di grado cosmetico;;0;1;1;0;0;0;0;DISTRIBUTORI;DISTRIBUTORI;ES ESTERI;ES ESTERI
43171;T-OIL OLO;170.000000;;ACQUISTO;DISTRIBUTORI;ECOGREEN;ES ESTERI;Estere di grado cosmetico;;0;1;1;0;0;0;0;DISTRIBUTORI;DISTRIBUTORI;ES ESTERI;ES ESTERI
43172;T-OIL OE;170.000000;29091990;ACQUISTO;DISTRIBUTORI;ECOGREEN;ES ESTERI;Estere di grado cosmetico;;1;1;1;0;0;1;0;DISTRIBUTORI;DISTRIBUTORI;ES ESTERI;ES ESTERI
43178;ZETEMULS SMS;20.000000;34021300;ACQUISTO;DISTRIBUTORI;RIVENDITA PURA;ES ESTERI;Esteri Vari;;0;1;1;0;0;0;0;RIVENDITA;RIVENDITA;ES ESTERI;ES ESTERI
43180;T-OIL DO;170.000000;29161500;ACQUISTO;DISTRIBUTORI;ECOGREEN;ES ESTERI;Estere di grado cosmetico;;0;1;1;0;0;0;0;DISTRIBUTORI;DISTRIBUTORI;ES ESTERI;ES ESTERI
43208;T-QUAT 7/SB;1000.000000;34021190;ACQUISTO;DISTRIBUTORI;ECOGREEN;CA CATIONICI;Cationici;;0;0;0;0;0;0;0;DISTRIBUTORI;DISTRIBUTORI;CA CATIONICI;CA CATIONICI
43185;RITAPRO;25.000000;;ACQUISTO;DISTRIBUTORI;RIVENDITA PURA;MI MISCELE;Compound;;0;0;0;0;0;0;0;RIVENDITA;RIVENDITA;MI MISCELE;MI MISCELE
43175;ZETEMULS SMO;200.000000;34021300;ACQUISTO;DISTRIBUTORI;RIVENDITA PURA;ES ESTERI;Esteri Vari;;0;0;0;0;0;0;0;RIVENDITA;RIVENDITA;ES ESTERI;ES ESTERI
43207;T-QUAT 7;200.000000;34021190;ACQUISTO;DISTRIBUTORI;ECOGREEN;CA CATIONICI;Cationici;;0;0;0;0;0;0;0;DISTRIBUTORI;DISTRIBUTORI;CA CATIONICI;CA CATIONICI
43191;T-OIL OS/ 2-etilesil stearato;180.000000;29157000;ACQUISTO;DISTRIBUTORI;ECOGREEN;ES ESTERI;Estere di grado cosmetico;;0;0;0;0;0;0;0;DISTRIBUTORI;DISTRIBUTORI;ES ESTERI;ES ESTERI
43025;AMPHOTENSID AB;.000000;;ACQUISTO;DISTRIBUTORI;RIVENDITA PURA;AF ANFOTERI;Betaina;;0;1;1;0;0;0;0;RIVENDITA;RIVENDITA;AF ANFOTERI;AF ANFOTERI
43083;ZETEMULS B 20;25.000000;34021300;ACQUISTO;RIVENDITA;RIVENDITA PURA;NI NON IONICI;Alcoli;;0;0;0;0;0;0;0;RIVENDITA;RIVENDITA;NI NON IONICI;NI NON IONICI
43193;T-OIL DOS/ di 2etilesil sebacato;180.000000;29171390;ACQUISTO;DISTRIBUTORI;ECOGREEN;ES ESTERI;Estere di grado cosmetico;;0;0;0;0;0;0;0;DISTRIBUTORI;DISTRIBUTORI;ES ESTERI;ES ESTERI
43004;ALCOOL STEARILICO;20.000000;29051700;ACQUISTO;DISTRIBUTORI;ECOGREEN;NI NON IONICI;Alcoli;;0;1;1;0;0;0;0;DISTRIBUTORI;DISTRIBUTORI;NI NON IONICI;NI NON IONICI
43073;ZETEMULS CS 6;110.000000;34021300;ACQUISTO;RIVENDITA;RIVENDITA PURA;NI NON IONICI;Alcoli;;0;0;0;0;0;0;0;RIVENDITA;RIVENDITA;NI NON IONICI;NI NON IONICI
43221;SULFETAL C 90 USP;25.000000;34021190;ACQUISTO;DISTRIBUTORI;RIVENDITA PURA;AN ANIONICI;Fas;0,9;0;0;1;0;0;0;0;RIVENDITA;RIVENDITA;AN ANIONICI;AN ANIONICI
43218;SULFETAL C 90-AGHI;20.000000;34021190;ACQUISTO;DISTRIBUTORI;RIVENDITA PURA;AN ANIONICI;Fas;0,9;0;0;1;0;0;0;0;RIVENDITA;RIVENDITA;AN ANIONICI;AN ANIONICI
43223;SULFETAL C 90/C;20.000000;34021190;ACQUISTO;DISTRIBUTORI;RIVENDITA PURA;AN ANIONICI;Fas;0,9;0;1;1;0;0;0;0;RIVENDITA;RIVENDITA;AN ANIONICI;AN ANIONICI
43220;SULFETAL C 90-POLVERE;20.000000;34021190;ACQUISTO;DISTRIBUTORI;RIVENDITA PURA;AN ANIONICI;Fas;0,9;0;0;1;0;0;0;0;RIVENDITA;RIVENDITA;AN ANIONICI;AN ANIONICI
43225;SORBITOL LGK;.000000;29054411;ACQUISTO;DISTRIBUTORI;ECOGREEN;NI NON IONICI;Alcoli;;0;1;0;0;0;0;0;DISTRIBUTORI;DISTRIBUTORI;NI NON IONICI;NI NON IONICI
43375;ZETEMULS COH 40/90;100.000000;34021300;ACQUISTO;RIVENDITA;RIVENDITA PURA;NI NON IONICI;Polimero;;0;0;0;0;0;0;0;RIVENDITA;RIVENDITA;NI NON IONICI;NI NON IONICI
43381;OXETAL ML 10;120.000000;34021300;ACQUISTO;RIVENDITA;RIVENDITA PURA;NI NON IONICI;Alcoli;;0;0;0;0;0;0;0;RIVENDITA;RIVENDITA;NI NON IONICI;NI NON IONICI
43395;ZUSOMIN OD/5;180.000000;;ACQUISTO;RIVENDITA;RIVENDITA PURA;NI NON IONICI;Ammina;;0;0;0;0;0;0;0;RIVENDITA;RIVENDITA;NI NON IONICI;NI NON IONICI
43410;VITAPOL-B9;20.000000;38249090;ACQUISTO;RIVENDITA;RIVENDITA PURA;ATTIVI;Attivo;;0;0;0;0;0;0;0;RIVENDITA;RIVENDITA;AT ATTIVI;AT ATTIVI
43396;ZUSOMIN OD/2;100.000000;;ACQUISTO;RIVENDITA;RIVENDITA PURA;NI NON IONICI;Ammina;;0;0;0;0;0;0;0;RIVENDITA;RIVENDITA;NI NON IONICI;NI NON IONICI
43224;SORBITOL LG;.000000;29054411;ACQUISTO;DISTRIBUTORI;ECOGREEN;NI NON IONICI;Alcoli;;0;1;1;0;0;0;0;DISTRIBUTORI;DISTRIBUTORI;NI NON IONICI;NI NON IONICI
43230;TENSIOTEC 4105;22000.000000;34021190;ACQUISTO;DISTRIBUTORI;RIVENDITA PURA;AN ANIONICI;Fas;0,4;1;0;0;0;0;0;1;RIVENDITA;RIVENDITA;AN ANIONICI;AN ANIONICI
43245;SKINOTAN S 10;50.000000;34029010;ACQUISTO;RIVENDITA;RIVENDITA PURA;NI NON IONICI;Siliconi;;0;0;0;0;0;0;0;RIVENDITA;RIVENDITA;NI NON IONICI;NI NON IONICI
43412;BIO-PLACENTA;5.000000;;ACQUISTO;RIVENDITA;RIVENDITA PURA;ATTIVI;Attivo;;0;0;0;0;0;0;0;RIVENDITA;RIVENDITA;AT ATTIVI;AT ATTIVI
11160;DIETANOLAMMINA;25000.000000;;ACQUISTO;RIVENDITA;NULL;NI NON IONICI;NULL;NULL;NULL;NULL;NULL;0;N;N;N;NULL;NULL;NULL;NULL
11300;OLIO DI COCCO A DAZIO INTERO;.000000;;ACQUISTO;MATERIE PRIME;NULL;;NULL;NULL;NULL;NULL;NULL;0;N;N;N;NULL;NULL;NULL;NULL
20038#000XXX;CEFASOFT SN;120.000000;34021190;ACQUISTO;TESSILE;NULL;TS TESSILI;NULL;NULL;NULL;NULL;NULL;0;N;N;N;NULL;NULL;NULL;NULL
20247#050XXX;PROTELAN AGL/95 - EC;.000000;34021190;PRODUZIONE;COSMETICA;NULL;PR PROTELAN;NULL;NULL;NULL;NULL;NULL;0;N;N;N;NULL;NULL;NULL;NULL
20280#000XXX;LUMOROL HQB;.000000;34021190;ACQUISTO;PP PRODUZIONE PROPRIA;NULL;MI MISCELE;NULL;NULL;NULL;NULL;NULL;0;N;N;N;NULL;NULL;NULL;NULL
20498#104XXX;ZETESOL LA/D;.000000;34021190;PRODUZIONE;COSMETICA;NULL;LR LAURILETERE 27%;NULL;NULL;NULL;NULL;NULL;0;N;N;N;NULL;NULL;NULL;NULL
25102#000XXX;ZETEMOL OP - RSPO - MB;.000000;34021190;ACQUISTO;PP PRODUZIONE PROPRIA;NULL;ES ESTERI;NULL;NULL;NULL;NULL;NULL;0;N;N;N;NULL;NULL;NULL;NULL
25104#000XXX;ZETEMOL OS - RSPO - MB;.000000;34021190;ACQUISTO;PP PRODUZIONE PROPRIA;NULL;ES ESTERI;NULL;NULL;NULL;NULL;NULL;0;N;N;N;NULL;NULL;NULL;NULL
25553#000XXX;ZETESOL 270/N - RSPO - MB;.000000;34021190;PRODUZIONE;PP PRODUZIONE PROPRIA;NULL;AN ANIONICI;NULL;NULL;NULL;NULL;NULL;0;N;N;N;NULL;NULL;NULL;NULL
32338;MULSIFAN RT 157;25.000000;34021300;ACQUISTO;VARI COSMETICA;NULL;ZO CASA MADRE;NULL;NULL;NULL;NULL;NULL;0;N;N;N;NULL;NULL;NULL;NULL
32664;ZETESAP 900;25.000000;34029010;ACQUISTO;RIVENDITA;NULL;MI MISCELE;NULL;NULL;NULL;NULL;NULL;0;N;N;N;NULL;NULL;NULL;NULL
32669;ZETESOL TP 300;130.000000;34029010;ACQUISTO;RIVENDITA;NULL;AN ANIONICI;NULL;NULL;NULL;NULL;NULL;0;N;N;N;NULL;NULL;NULL;NULL
32999;CAMPIONI ZSL;.000000;;ACQUISTO;NULL;NULL;;NULL;NULL;NULL;NULL;NULL;0;N;N;N;NULL;NULL;NULL;NULL
43129;GALAFLOW SL 60;25.000000;29181100;ACQUISTO;DISTRIBUTORI;NULL;DERIVATO ACIDO LATTICO;NULL;NULL;NULL;NULL;NULL;0;N;N;N;NULL;NULL;NULL;NULL
43192;T-OIL OP/ 2-etilesil palmitato;180.000000;29157000;ACQUISTO;VARI COSMETICA;NULL;RIVENDITA;NULL;NULL;NULL;NULL;NULL;0;N;N;N;NULL;NULL;NULL;NULL
62102;CUBO LT. 1000 PALLET RIBASSATO HT;.000000;;ACQUISTO;IMBALLI;NULL;;NULL;NULL;NULL;NULL;NULL;0;N;N;N;NULL;NULL;NULL;NULL
32564;SULFETAL LA;130.000000;34021190;ACQUISTO;COSMETICA;NULL;ZO CASA MADRE;NULL;NULL;NULL;NULL;NULL;0;N;N;N;NULL;NULL;NULL;NULL
20349#000XXX;SULFETAL LA 70;.000000;34021190;ACQUISTO;COSMETICA;NULL;LS LAURILSOLFATI;NULL;NULL;NULL;NULL;NULL;0;N;N;N;NULL;NULL;NULL;NULL
50150;LUBRIFICANTI;.000000;;ACQUISTO;NULL;NULL;;NULL;NULL;NULL;NULL;NULL;0;N;N;N;NULL;NULL;NULL;NULL
22060#000XXX;TENSIOTEC S12;.000000;34021190;ACQUISTO;PP PRODUZIONE PROPRIA;NULL;AF ANFOTERI;NULL;NULL;NULL;NULL;NULL;0;N;N;N;NULL;NULL;NULL;NULL
20569#000XXX;SURFATEC EST 365;.000000;34021190;ACQUISTO;COSMETICA;NULL;;NULL;NULL;NULL;NULL;NULL;0;N;N;N;NULL;NULL;NULL;NULL
22033#000XXX;TENSIOTEC EST 365;.000000;34021190;ACQUISTO;COSMETICA;NULL;APPLICAZIONI INDUSTRIALI;NULL;NULL;NULL;NULL;NULL;0;N;N;N;NULL;NULL;NULL;NULL
22061#000XXX;TENSIOTEC S14;.000000;34021190;ACQUISTO;PP PRODUZIONE PROPRIA;NULL;AF ANFOTERI;NULL;NULL;NULL;NULL;NULL;0;N;N;N;NULL;NULL;NULL;NULL
43131;GALAFOLW PL 60;30.000000;;ACQUISTO;DISTRIBUTORI;NULL;DERIVATO ACIDO LATTICO;NULL;NULL;NULL;NULL;NULL;0;N;N;N;NULL;NULL;NULL;NULL
20072#000XXX;OPACIFIER 721;.000000;34021190;ACQUISTO;COSMETICA;NULL;;NULL;NULL;NULL;NULL;NULL;0;N;N;N;NULL;NULL;NULL;NULL
20503#172XXX;ZETESOL AN/70;.000000;34021190;PRODUZIONE;PP PRODUZIONE PROPRIA;NULL;AN ANIONICI;NULL;NULL;NULL;NULL;NULL;0;N;N;N;NULL;NULL;NULL;NULL
21011#000XXX;ESTERTEC EHO;.000000;34021190;ACQUISTO;PP PRODUZIONE PROPRIA;NULL;ES ESTERI;NULL;NULL;NULL;NULL;NULL;0;N;N;N;NULL;NULL;NULL;NULL
43228;SULFETAL MG;.000000;;ACQUISTO;VARI COSMETICA;NULL;SP SPECIALTIES;NULL;NULL;NULL;NULL;NULL;0;N;N;N;NULL;NULL;NULL;NULL
88040;PROPETAL 160;.000000;;ACQUISTO;VARI COSMETICA;NULL;ZO CASA MADRE;NULL;NULL;NULL;NULL;NULL;0;N;N;N;NULL;NULL;NULL;NULL
32330;MULSIFAN RT 113;125.000000;34021300;ACQUISTO;VARI COSMETICA;NULL;ZO CASA MADRE;NULL;NULL;NULL;NULL;NULL;0;N;N;N;NULL;NULL;NULL;NULL
32336;MULSIFAN RT 410;125.000000;34029010;ACQUISTO;VARI COSMETICA;NULL;ZO CASA MADRE;NULL;NULL;NULL;NULL;NULL;0;N;N;N;NULL;NULL;NULL;NULL
